{"cameraMode":{"drawMode":0,"name":"Shaded","section":"Shading Mode"},"sceneLighting":false,"audioPlay":false,"sceneViewState":{"showFog":true,"showMaterialUpdate":false,"showSkybox":false,"showFlares":true,"showImageEffects":true,"showParticleSystems":true},"in2DMode":false,"pivot":{"x":-19.66355323791504,"y":3.904719829559326,"z":7.22112512588501},"rotation":{"x":0.012000801973044873,"y":-0.9832320809364319,"z":0.14345239102840424,"w":0.11570584774017334},"size":3.6135969161987306,"orthographic":false}