{"cameraMode":{"drawMode":0,"name":"Shaded","section":"Shading Mode"},"sceneLighting":false,"audioPlay":false,"sceneViewState":{"showFog":true,"showMaterialUpdate":false,"showSkybox":false,"showFlares":true,"showImageEffects":true,"showParticleSystems":true},"in2DMode":false,"pivot":{"x":0.4499998092651367,"y":-0.3920001983642578,"z":1.025899887084961},"rotation":{"x":0.14464762806892396,"y":0.7176723480224609,"z":-0.15657511353492738,"w":0.6629732847213745},"size":40.010372161865237,"orthographic":false}