{"cameraMode":{"drawMode":0,"name":"Shaded","section":"Shading Mode"},"sceneLighting":false,"audioPlay":false,"sceneViewState":{"showFog":true,"showMaterialUpdate":false,"showSkybox":false,"showFlares":true,"showImageEffects":true,"showParticleSystems":true},"in2DMode":false,"pivot":{"x":2.560873031616211,"y":24.43734359741211,"z":4.322338104248047},"rotation":{"x":0.1700860559940338,"y":0.8111312389373779,"z":-0.28776293992996218,"w":0.48002666234970095},"size":19.169095993041993,"orthographic":false}