{"cameraMode":{"drawMode":0,"name":"Shaded","section":"Shading Mode"},"sceneLighting":true,"audioPlay":false,"sceneViewState":{"showFog":true,"showMaterialUpdate":false,"showSkybox":false,"showFlares":true,"showImageEffects":true,"showParticleSystems":true},"in2DMode":false,"pivot":{"x":1.575026512145996,"y":1.4852321147918702,"z":11.40461540222168},"rotation":{"x":0.19312188029289246,"y":-0.15382786095142365,"z":0.030678430572152139,"w":0.9685665965080261},"size":1.1903395652770997,"orthographic":false}