{"cameraMode":{"drawMode":0,"name":"Shaded","section":"Shading Mode"},"sceneLighting":false,"audioPlay":false,"sceneViewState":{"showFog":true,"showMaterialUpdate":false,"showSkybox":false,"showFlares":true,"showImageEffects":true,"showParticleSystems":true},"in2DMode":false,"pivot":{"x":-11.166362762451172,"y":-24.831331253051759,"z":21.472305297851564},"rotation":{"x":-0.5137484669685364,"y":0.06979981809854508,"z":-0.04731215909123421,"w":-0.8542875647544861},"size":79.67841339111328,"orthographic":false}