{"cameraMode":{"drawMode":0,"name":"Shaded","section":"Shading Mode"},"sceneLighting":true,"audioPlay":false,"sceneViewState":{"showFog":true,"showMaterialUpdate":false,"showSkybox":false,"showFlares":true,"showImageEffects":true,"showParticleSystems":true},"in2DMode":false,"pivot":{"x":-44.10652160644531,"y":-19.630842208862306,"z":-86.97881317138672},"rotation":{"x":-0.024417782202363015,"y":0.9689939618110657,"z":-0.10683460533618927,"w":-0.2214716523885727},"size":153.86778259277345,"orthographic":false}