{"cameraMode":{"drawMode":0,"name":"Shaded","section":"Shading Mode"},"sceneLighting":false,"audioPlay":false,"sceneViewState":{"showFog":true,"showMaterialUpdate":false,"showSkybox":false,"showFlares":true,"showImageEffects":true,"showParticleSystems":true},"in2DMode":false,"pivot":{"x":10.696183204650879,"y":27.23739242553711,"z":4.863476276397705},"rotation":{"x":0.24929839372634889,"y":0.7346835136413574,"z":-0.34851986169815066,"w":0.5260418653488159},"size":18.422025680541993,"orthographic":false}