{"cameraMode":{"drawMode":0,"name":"Shaded","section":"Shading Mode"},"sceneLighting":false,"audioPlay":false,"sceneViewState":{"showFog":true,"showMaterialUpdate":false,"showSkybox":false,"showFlares":true,"showImageEffects":true,"showParticleSystems":true},"in2DMode":false,"pivot":{"x":10.172980308532715,"y":22.151447296142579,"z":11.073561668395996},"rotation":{"x":-0.43157467246055605,"y":0.3331507444381714,"z":-0.17600132524967194,"w":-0.8197349309921265},"size":26.567155838012697,"orthographic":false}