{"cameraMode":{"drawMode":0,"name":"Shaded","section":"Shading Mode"},"sceneLighting":false,"audioPlay":false,"sceneViewState":{"showFog":true,"showMaterialUpdate":false,"showSkybox":false,"showFlares":true,"showImageEffects":true,"showParticleSystems":true},"in2DMode":false,"pivot":{"x":11.639020919799805,"y":25.700002670288087,"z":6.801634788513184},"rotation":{"x":0.10651024430990219,"y":0.8821732401847839,"z":-0.3925210237503052,"w":0.2378256618976593},"size":22.0,"orthographic":false}