{"cameraMode":{"drawMode":0,"name":"Shaded","section":"Shading Mode"},"sceneLighting":false,"audioPlay":false,"sceneViewState":{"showFog":true,"showMaterialUpdate":false,"showSkybox":false,"showFlares":true,"showImageEffects":true,"showParticleSystems":true},"in2DMode":false,"pivot":{"x":-0.6547374129295349,"y":19.360233306884767,"z":-2.0450422763824465},"rotation":{"x":0.6052755117416382,"y":0.005524080712348223,"z":-0.001286109210923314,"w":0.7964857220649719},"size":12.996320724487305,"orthographic":false}