{"cameraMode":{"drawMode":0,"name":"Shaded","section":"Shading Mode"},"sceneLighting":false,"audioPlay":false,"sceneViewState":{"showFog":true,"showMaterialUpdate":false,"showSkybox":false,"showFlares":true,"showImageEffects":true,"showParticleSystems":true},"in2DMode":false,"pivot":{"x":0.4894288182258606,"y":-0.41029518842697146,"z":0.6767823696136475},"rotation":{"x":0.24156047403812409,"y":-0.13197529315948487,"z":0.03318432718515396,"w":0.9608100056648254},"size":0.3285788297653198,"orthographic":false}