{"cameraMode":{"drawMode":0,"name":"Shaded","section":"Shading Mode"},"sceneLighting":false,"audioPlay":false,"sceneViewState":{"showFog":true,"showMaterialUpdate":false,"showSkybox":false,"showFlares":true,"showImageEffects":true,"showParticleSystems":true},"in2DMode":false,"pivot":{"x":0.5659999847412109,"y":1.2513999938964844,"z":0.6359999775886536},"rotation":{"x":0.19312188029289246,"y":-0.15382786095142365,"z":0.030678430572152139,"w":0.9685665965080261},"size":0.12124978750944138,"orthographic":false}