{"cameraMode":{"drawMode":0,"name":"Shaded","section":"Shading Mode"},"sceneLighting":false,"audioPlay":false,"sceneViewState":{"showFog":true,"showMaterialUpdate":false,"showSkybox":false,"showFlares":true,"showImageEffects":true,"showParticleSystems":true},"in2DMode":false,"pivot":{"x":0.4903464913368225,"y":-0.30831924080848696,"z":0.34022602438926699},"rotation":{"x":-0.11913174390792847,"y":-0.77104252576828,"z":0.15133561193943025,"w":-0.6069726347923279},"size":1.396984338760376,"orthographic":false}