{"cameraMode":{"drawMode":0,"name":"Shaded","section":"Shading Mode"},"sceneLighting":true,"audioPlay":false,"sceneViewState":{"showFog":true,"showMaterialUpdate":false,"showSkybox":false,"showFlares":true,"showImageEffects":true,"showParticleSystems":true},"in2DMode":false,"pivot":{"x":-2.226182699203491,"y":-0.7687705755233765,"z":-0.8908305168151856},"rotation":{"x":-0.08052142709493637,"y":0.8039748668670654,"z":-0.11191197484731674,"w":-0.5784659385681152},"size":5.957488059997559,"orthographic":false}