{"cameraMode":{"drawMode":0,"name":"Shaded","section":"Shading Mode"},"sceneLighting":false,"audioPlay":false,"sceneViewState":{"showFog":true,"showMaterialUpdate":false,"showSkybox":false,"showFlares":true,"showImageEffects":true,"showParticleSystems":true},"in2DMode":false,"pivot":{"x":3.047980308532715,"y":-0.5447739362716675,"z":0.9027769565582275},"rotation":{"x":-0.059045519679784778,"y":-0.684408962726593,"z":0.055771082639694217,"w":-0.7245694398880005},"size":4.99184513092041,"orthographic":false}