{"cameraMode":{"drawMode":0,"name":"Shaded","section":"Shading Mode"},"sceneLighting":false,"audioPlay":false,"sceneViewState":{"showFog":true,"showMaterialUpdate":false,"showSkybox":false,"showFlares":true,"showImageEffects":true,"showParticleSystems":true},"in2DMode":false,"pivot":{"x":0.5500681400299072,"y":-0.42293787002563479,"z":0.7463037967681885},"rotation":{"x":-0.18291409313678742,"y":-0.46032261848449709,"z":0.09754262864589691,"w":-0.8632192015647888},"size":0.9367217421531677,"orthographic":false}