{"cameraMode":{"drawMode":0,"name":"Shaded","section":"Shading Mode"},"sceneLighting":false,"audioPlay":false,"sceneViewState":{"showFog":true,"showMaterialUpdate":false,"showSkybox":false,"showFlares":true,"showImageEffects":true,"showParticleSystems":true},"in2DMode":false,"pivot":{"x":-0.10266280174255371,"y":17.497787475585939,"z":-1.4197111129760743},"rotation":{"x":0.3250332176685333,"y":-0.06220147758722305,"z":0.023547090590000154,"w":0.9437507390975952},"size":14.850000381469727,"orthographic":false}