{"cameraMode":{"drawMode":0,"name":"Shaded","section":"Shading Mode"},"sceneLighting":false,"audioPlay":false,"sceneViewState":{"showFog":true,"showMaterialUpdate":false,"showSkybox":false,"showFlares":true,"showImageEffects":true,"showParticleSystems":true},"in2DMode":false,"pivot":{"x":3.5074472427368166,"y":22.471561431884767,"z":15.503236770629883},"rotation":{"x":-0.5384365320205689,"y":0.25378623604774477,"z":-0.17511719465255738,"w":-0.7843658328056336},"size":53.618656158447269,"orthographic":false}