{"cameraMode":{"drawMode":0,"name":"Shaded","section":"Shading Mode"},"sceneLighting":false,"audioPlay":false,"sceneViewState":{"showFog":true,"showMaterialUpdate":false,"showSkybox":false,"showFlares":true,"showImageEffects":true,"showParticleSystems":true},"in2DMode":false,"pivot":{"x":1.0606588125228882,"y":14.776284217834473,"z":1.7361533641815186},"rotation":{"x":0.2642294764518738,"y":-0.7352079749107361,"z":0.45773595571517947,"w":0.4246201515197754},"size":38.484283447265628,"orthographic":false}