{"cameraMode":{"drawMode":0,"name":"Shaded","section":"Shading Mode"},"sceneLighting":false,"audioPlay":false,"sceneViewState":{"showFog":true,"showMaterialUpdate":false,"showSkybox":false,"showFlares":true,"showImageEffects":true,"showParticleSystems":true},"in2DMode":false,"pivot":{"x":7.0953593254089359,"y":15.229393005371094,"z":10.804887771606446},"rotation":{"x":0.40895119309425356,"y":0.04401377961039543,"z":-0.019859153777360917,"w":0.911324679851532},"size":24.941102981567384,"orthographic":false}