{"cameraMode":{"drawMode":0,"name":"Shaded","section":"Shading Mode"},"sceneLighting":false,"audioPlay":false,"sceneViewState":{"showFog":true,"showMaterialUpdate":false,"showSkybox":false,"showFlares":true,"showImageEffects":true,"showParticleSystems":true},"in2DMode":false,"pivot":{"x":-1.9442811012268067,"y":13.549230575561524,"z":6.920275688171387},"rotation":{"x":-0.25060147047042849,"y":0.15770699083805085,"z":-0.04141909256577492,"w":-0.954274594783783},"size":17.75282096862793,"orthographic":false}