{"cameraMode":{"drawMode":0,"name":"Shaded","section":"Shading Mode"},"sceneLighting":false,"audioPlay":false,"sceneViewState":{"showFog":true,"showMaterialUpdate":false,"showSkybox":false,"showFlares":true,"showImageEffects":true,"showParticleSystems":true},"in2DMode":false,"pivot":{"x":6.869881629943848,"y":25.56191062927246,"z":3.2679243087768556},"rotation":{"x":0.2754601240158081,"y":0.5922840237617493,"z":-0.22457969188690186,"w":0.7232520580291748},"size":22.0,"orthographic":false}