{"cameraMode":{"drawMode":0,"name":"Shaded","section":"Shading Mode"},"sceneLighting":false,"audioPlay":false,"sceneViewState":{"showFog":true,"showMaterialUpdate":false,"showSkybox":false,"showFlares":true,"showImageEffects":true,"showParticleSystems":true},"in2DMode":false,"pivot":{"x":34.371856689453128,"y":-13.72799301147461,"z":-14.998860359191895},"rotation":{"x":-0.30570608377456667,"y":-0.5964040756225586,"z":0.2619642913341522,"w":-0.6945521831512451},"size":65.38008117675781,"orthographic":false}