{"cameraMode":{"drawMode":0,"name":"Shaded","section":"Shading Mode"},"sceneLighting":false,"audioPlay":false,"sceneViewState":{"showFog":true,"showMaterialUpdate":false,"showSkybox":false,"showFlares":true,"showImageEffects":true,"showParticleSystems":true},"in2DMode":false,"pivot":{"x":6.601471424102783,"y":27.59937286376953,"z":3.9810476303100588},"rotation":{"x":-0.6633346080780029,"y":-0.11815405637025833,"z":0.10719458758831024,"w":-0.7311396598815918},"size":6.624606609344482,"orthographic":false}