{"cameraMode":{"drawMode":0,"name":"Shaded","section":"Shading Mode"},"sceneLighting":false,"audioPlay":false,"sceneViewState":{"showFog":true,"showMaterialUpdate":false,"showSkybox":false,"showFlares":true,"showImageEffects":true,"showParticleSystems":true},"in2DMode":false,"pivot":{"x":0.460411012172699,"y":-0.46102654933929446,"z":0.6703315377235413},"rotation":{"x":-0.1733638197183609,"y":-0.45365390181541445,"z":0.09045511484146118,"w":-0.8694702982902527},"size":0.4969843626022339,"orthographic":false}