{"cameraMode":{"drawMode":0,"name":"Shaded","section":"Shading Mode"},"sceneLighting":false,"audioPlay":false,"sceneViewState":{"showFog":true,"showMaterialUpdate":false,"showSkybox":false,"showFlares":true,"showImageEffects":true,"showParticleSystems":true},"in2DMode":false,"pivot":{"x":1.093311071395874,"y":-0.5305501222610474,"z":1.490580677986145},"rotation":{"x":0.10352297127246857,"y":0.679257869720459,"z":-0.09766985476016998,"w":0.7199705243110657},"size":1.4227242469787598,"orthographic":false}