{"cameraMode":{"drawMode":0,"name":"Shaded","section":"Shading Mode"},"sceneLighting":false,"audioPlay":false,"sceneViewState":{"showFog":true,"showMaterialUpdate":false,"showSkybox":false,"showFlares":true,"showImageEffects":true,"showParticleSystems":true},"in2DMode":false,"pivot":{"x":6.561127185821533,"y":25.587491989135743,"z":4.343385219573975},"rotation":{"x":0.4374770224094391,"y":0.2997860014438629,"z":-0.15687932074069978,"w":0.8332592844963074},"size":20.017459869384767,"orthographic":false}