{"cameraMode":{"drawMode":0,"name":"Shaded","section":"Shading Mode"},"sceneLighting":false,"audioPlay":false,"sceneViewState":{"showFog":true,"showMaterialUpdate":false,"showSkybox":false,"showFlares":true,"showImageEffects":true,"showParticleSystems":true},"in2DMode":false,"pivot":{"x":4.274792194366455,"y":16.134841918945314,"z":-8.230416297912598},"rotation":{"x":-0.00031826982740312815,"y":-0.990105152130127,"z":0.14085249602794648,"w":-0.003667120821774006},"size":19.984336853027345,"orthographic":false}