{"cameraMode":{"drawMode":0,"name":"Shaded","section":"Shading Mode"},"sceneLighting":false,"audioPlay":false,"sceneViewState":{"showFog":true,"showMaterialUpdate":false,"showSkybox":false,"showFlares":true,"showImageEffects":true,"showParticleSystems":true},"in2DMode":false,"pivot":{"x":1.4788743257522584,"y":0.38755160570144656,"z":0.7342166900634766},"rotation":{"x":-0.008888805285096169,"y":0.9823372960090637,"z":-0.1805923730134964,"w":-0.04836844280362129},"size":2.777991533279419,"orthographic":false}