{"cameraMode":{"drawMode":0,"name":"Shaded","section":"Shading Mode"},"sceneLighting":false,"audioPlay":false,"sceneViewState":{"showFog":true,"showMaterialUpdate":false,"showSkybox":false,"showFlares":true,"showImageEffects":true,"showParticleSystems":true},"in2DMode":false,"pivot":{"x":-4.004739761352539,"y":5.763555526733398,"z":15.829123497009278},"rotation":{"x":-0.06991265714168549,"y":-0.9344040751457214,"z":0.26236048340797427,"w":-0.23244278132915498},"size":1.5044887065887452,"orthographic":false}