{"cameraMode":{"drawMode":0,"name":"Shaded","section":"Shading Mode"},"sceneLighting":false,"audioPlay":false,"sceneViewState":{"showFog":true,"showMaterialUpdate":false,"showSkybox":false,"showFlares":true,"showImageEffects":true,"showParticleSystems":true},"in2DMode":false,"pivot":{"x":1.6765806674957276,"y":-0.8304798603057861,"z":2.6522536277770998},"rotation":{"x":-0.08343615382909775,"y":-0.3780910074710846,"z":0.03423737362027168,"w":-0.9213719367980957},"size":3.1918447017669679,"orthographic":false}