{"cameraMode":{"drawMode":0,"name":"Shaded","section":"Shading Mode"},"sceneLighting":false,"audioPlay":false,"sceneViewState":{"showFog":true,"showMaterialUpdate":false,"showSkybox":false,"showFlares":true,"showImageEffects":true,"showParticleSystems":true},"in2DMode":false,"pivot":{"x":1.1799068450927735,"y":27.498537063598634,"z":-4.758657455444336},"rotation":{"x":-0.43157467246055605,"y":0.3331507444381714,"z":-0.17600132524967194,"w":-0.8197349309921265},"size":22.0,"orthographic":false}