{"cameraMode":{"drawMode":0,"name":"Shaded","section":"Shading Mode"},"sceneLighting":true,"audioPlay":false,"sceneViewState":{"showFog":true,"showMaterialUpdate":false,"showSkybox":false,"showFlares":true,"showImageEffects":true,"showParticleSystems":true},"in2DMode":false,"pivot":{"x":0.0879812240600586,"y":3.130655288696289,"z":-0.03928399085998535},"rotation":{"x":0.19243979454040528,"y":0.7418765425682068,"z":-0.2395322322845459,"w":0.5960121750831604},"size":12.229814529418946,"orthographic":false}