{"cameraMode":{"drawMode":0,"name":"Shaded","section":"Shading Mode"},"sceneLighting":false,"audioPlay":false,"sceneViewState":{"showFog":true,"showMaterialUpdate":false,"showSkybox":false,"showFlares":true,"showImageEffects":true,"showParticleSystems":true},"in2DMode":false,"pivot":{"x":7.580879211425781,"y":14.614448547363282,"z":5.490434646606445},"rotation":{"x":0.4348895847797394,"y":-0.1273537278175354,"z":0.062185246497392657,"w":0.8893083333969116},"size":24.096601486206056,"orthographic":false}