{"cameraMode":{"drawMode":0,"name":"Shaded","section":"Shading Mode"},"sceneLighting":true,"audioPlay":false,"sceneViewState":{"showFog":true,"showMaterialUpdate":false,"showSkybox":false,"showFlares":true,"showImageEffects":true,"showParticleSystems":true},"in2DMode":false,"pivot":{"x":-2.3874330520629885,"y":-0.2567920684814453,"z":-0.6206555366516113},"rotation":{"x":-0.12718160450458527,"y":0.7990968227386475,"z":-0.18189312517642976,"w":-0.5587401986122131},"size":20.389806747436525,"orthographic":false}