{"cameraMode":{"drawMode":0,"name":"Shaded","section":"Shading Mode"},"sceneLighting":false,"audioPlay":false,"sceneViewState":{"showFog":true,"showMaterialUpdate":false,"showSkybox":false,"showFlares":true,"showImageEffects":true,"showParticleSystems":true},"in2DMode":false,"pivot":{"x":0.6191257834434509,"y":-0.047513365745544437,"z":-0.9462401866912842},"rotation":{"x":0.017774812877178193,"y":0.9746944904327393,"z":-0.08384183049201966,"w":0.20652693510055543},"size":3.5354928970336916,"orthographic":false}