{"cameraMode":{"drawMode":0,"name":"Shaded","section":"Shading Mode"},"sceneLighting":false,"audioPlay":false,"sceneViewState":{"showFog":true,"showMaterialUpdate":false,"showSkybox":false,"showFlares":true,"showImageEffects":true,"showParticleSystems":true},"in2DMode":false,"pivot":{"x":0.6576006412506104,"y":-0.3177344501018524,"z":0.6719316840171814},"rotation":{"x":0.10386911779642105,"y":0.41053420305252077,"z":-0.04713035374879837,"w":0.9046943187713623},"size":1.396984338760376,"orthographic":false}