{"cameraMode":{"drawMode":0,"name":"Shaded","section":"Shading Mode"},"sceneLighting":false,"audioPlay":false,"sceneViewState":{"showFog":true,"showMaterialUpdate":false,"showSkybox":false,"showFlares":true,"showImageEffects":true,"showParticleSystems":true},"in2DMode":false,"pivot":{"x":9.986181259155274,"y":24.18426513671875,"z":9.406046867370606},"rotation":{"x":0.07872581481933594,"y":0.8721560835838318,"z":-0.45938315987586977,"w":0.14927685260772706},"size":18.29937171936035,"orthographic":false}