{"cameraMode":{"drawMode":0,"name":"Shaded","section":"Shading Mode"},"sceneLighting":true,"audioPlay":false,"sceneViewState":{"showFog":true,"showMaterialUpdate":false,"showSkybox":false,"showFlares":true,"showImageEffects":true,"showParticleSystems":true},"in2DMode":false,"pivot":{"x":1.910118579864502,"y":0.13657450675964356,"z":-0.047402381896972659},"rotation":{"x":-0.0150539455935359,"y":0.9830988049507141,"z":-0.09497568756341934,"w":-0.15582700073719026},"size":14.255986213684082,"orthographic":false}