{"cameraMode":{"drawMode":0,"name":"Shaded","section":"Shading Mode"},"sceneLighting":false,"audioPlay":false,"sceneViewState":{"showFog":true,"showMaterialUpdate":false,"showSkybox":false,"showFlares":true,"showImageEffects":true,"showParticleSystems":true},"in2DMode":false,"pivot":{"x":0.37736713886260989,"y":-0.360098659992218,"z":0.7956282496452332},"rotation":{"x":0.1143537387251854,"y":0.8607937097549439,"z":-0.22191371023654939,"w":0.4435553550720215},"size":0.7969843745231628,"orthographic":false}