{"cameraMode":{"drawMode":0,"name":"Shaded","section":"Shading Mode"},"sceneLighting":false,"audioPlay":false,"sceneViewState":{"showFog":true,"showMaterialUpdate":false,"showSkybox":false,"showFlares":true,"showImageEffects":true,"showParticleSystems":true},"in2DMode":false,"pivot":{"x":16.325176239013673,"y":-2.0694541931152345,"z":30.601642608642579},"rotation":{"x":0.30147305130958559,"y":0.30739057064056399,"z":-0.10330864042043686,"w":0.8967307209968567},"size":65.6304702758789,"orthographic":false}