{"cameraMode":{"drawMode":0,"name":"Shaded","section":"Shading Mode"},"sceneLighting":false,"audioPlay":false,"sceneViewState":{"showFog":true,"showMaterialUpdate":false,"showSkybox":false,"showFlares":true,"showImageEffects":true,"showParticleSystems":true},"in2DMode":false,"pivot":{"x":5.2418742179870609,"y":45.45753479003906,"z":2.8659896850585939},"rotation":{"x":0.5165778994560242,"y":0.23974929749965669,"z":-0.15282297134399415,"w":0.8078404068946838},"size":28.24281120300293,"orthographic":false}