{"cameraMode":{"drawMode":0,"name":"Shaded","section":"Shading Mode"},"sceneLighting":false,"audioPlay":false,"sceneViewState":{"showFog":true,"showMaterialUpdate":false,"showSkybox":false,"showFlares":true,"showImageEffects":true,"showParticleSystems":true},"in2DMode":false,"pivot":{"x":-12.998343467712403,"y":22.928924560546876,"z":9.769737243652344},"rotation":{"x":-0.009500783868134022,"y":0.8811287879943848,"z":-0.4726187288761139,"w":-0.019173085689544679},"size":34.76288986206055,"orthographic":false}