{"cameraMode":{"drawMode":0,"name":"Shaded","section":"Shading Mode"},"sceneLighting":false,"audioPlay":false,"sceneViewState":{"showFog":true,"showMaterialUpdate":false,"showSkybox":false,"showFlares":true,"showImageEffects":true,"showParticleSystems":true},"in2DMode":false,"pivot":{"x":2.884110689163208,"y":-0.1355995535850525,"z":-0.6607555747032166},"rotation":{"x":0.011206153780221939,"y":0.7455475926399231,"z":-0.012528324499726296,"w":0.6662642955780029},"size":5.4813642501831059,"orthographic":false}