{"cameraMode":{"drawMode":0,"name":"Shaded","section":"Shading Mode"},"sceneLighting":false,"audioPlay":false,"sceneViewState":{"showFog":true,"showMaterialUpdate":false,"showSkybox":false,"showFlares":true,"showImageEffects":true,"showParticleSystems":true},"in2DMode":false,"pivot":{"x":-29.088661193847658,"y":9.150920867919922,"z":-22.96806526184082},"rotation":{"x":-0.13639825582504273,"y":0.36337918043136599,"z":-0.058433178812265399,"w":-0.9202172160148621},"size":1.7867813110351563,"orthographic":false}