{"cameraMode":{"drawMode":0,"name":"Shaded","section":"Shading Mode"},"sceneLighting":false,"audioPlay":false,"sceneViewState":{"showFog":true,"showMaterialUpdate":false,"showSkybox":false,"showFlares":true,"showImageEffects":true,"showParticleSystems":true},"in2DMode":false,"pivot":{"x":6.711797714233398,"y":24.99871826171875,"z":1.5086528062820435},"rotation":{"x":0.2754601240158081,"y":0.5922840237617493,"z":-0.22457969188690186,"w":0.7232520580291748},"size":22.0,"orthographic":false}