{"cameraMode":{"drawMode":0,"name":"Shaded","section":"Shading Mode"},"sceneLighting":false,"audioPlay":false,"sceneViewState":{"showFog":true,"showMaterialUpdate":false,"showSkybox":false,"showFlares":true,"showImageEffects":true,"showParticleSystems":true},"in2DMode":false,"pivot":{"x":1.1187450885772706,"y":-0.6043235659599304,"z":0.6813361644744873},"rotation":{"x":0.10352297127246857,"y":0.679257869720459,"z":-0.09766985476016998,"w":0.7199705243110657},"size":2.022724151611328,"orthographic":false}