{"cameraMode":{"drawMode":0,"name":"Shaded","section":"Shading Mode"},"sceneLighting":false,"audioPlay":false,"sceneViewState":{"showFog":true,"showMaterialUpdate":false,"showSkybox":false,"showFlares":true,"showImageEffects":true,"showParticleSystems":true},"in2DMode":false,"pivot":{"x":2.5778141021728517,"y":20.150348663330079,"z":0.07423782348632813},"rotation":{"x":-0.024313585832715036,"y":0.019261611625552179,"z":-0.00016082484216894954,"w":-0.999589741230011},"size":16.689485549926759,"orthographic":false}