{"cameraMode":{"drawMode":0,"name":"Shaded","section":"Shading Mode"},"sceneLighting":false,"audioPlay":false,"sceneViewState":{"showFog":true,"showMaterialUpdate":false,"showSkybox":false,"showFlares":true,"showImageEffects":true,"showParticleSystems":true},"in2DMode":false,"pivot":{"x":-53.66236114501953,"y":-61.08988952636719,"z":-17.832130432128908},"rotation":{"x":0.33314579725265505,"y":-0.6309428811073303,"z":0.34453821182250979,"w":0.6101080179214478},"size":170.1667938232422,"orthographic":false}