{"cameraMode":{"drawMode":0,"name":"Shaded","section":"Shading Mode"},"sceneLighting":false,"audioPlay":false,"sceneViewState":{"showFog":true,"showMaterialUpdate":false,"showSkybox":false,"showFlares":true,"showImageEffects":true,"showParticleSystems":true},"in2DMode":false,"pivot":{"x":-2.3402023315429689,"y":13.310409545898438,"z":1.8756417036056519},"rotation":{"x":-0.42631426453590395,"y":-0.5411538481712341,"z":0.36886319518089297,"w":-0.6242053508758545},"size":46.84991455078125,"orthographic":false}