{"cameraMode":{"drawMode":0,"name":"Shaded","section":"Shading Mode"},"sceneLighting":false,"audioPlay":false,"sceneViewState":{"showFog":true,"showMaterialUpdate":false,"showSkybox":false,"showFlares":true,"showImageEffects":true,"showParticleSystems":true},"in2DMode":false,"pivot":{"x":18.40032196044922,"y":11.032793045043946,"z":3.0940160751342775},"rotation":{"x":0.19645819067955018,"y":0.8036314249038696,"z":-0.3793105185031891,"w":0.41462084650993349},"size":35.856590270996097,"orthographic":false}