{"cameraMode":{"drawMode":0,"name":"Shaded","section":"Shading Mode"},"sceneLighting":false,"audioPlay":false,"sceneViewState":{"showFog":true,"showMaterialUpdate":false,"showSkybox":false,"showFlares":true,"showImageEffects":true,"showParticleSystems":true},"in2DMode":false,"pivot":{"x":-0.8941632509231567,"y":18.621417999267579,"z":-1.9427404403686524},"rotation":{"x":0.04220815747976303,"y":-0.9423549175262451,"z":0.30159351229667666,"w":0.14136293530464173},"size":8.570464134216309,"orthographic":false}