{"cameraMode":{"drawMode":0,"name":"Shaded","section":"Shading Mode"},"sceneLighting":true,"audioPlay":false,"sceneViewState":{"showFog":true,"showMaterialUpdate":false,"showSkybox":false,"showFlares":true,"showImageEffects":true,"showParticleSystems":true},"in2DMode":false,"pivot":{"x":30.401588439941408,"y":32.4306526184082,"z":-4.3665008544921879},"rotation":{"x":0.0005534117808565497,"y":0.9994500875473023,"z":-0.02130066603422165,"w":0.025793641805648805},"size":85.2056884765625,"orthographic":false}