{"cameraMode":{"drawMode":0,"name":"Shaded","section":"Shading Mode"},"sceneLighting":false,"audioPlay":false,"sceneViewState":{"showFog":true,"showMaterialUpdate":false,"showSkybox":false,"showFlares":true,"showImageEffects":true,"showParticleSystems":true},"in2DMode":false,"pivot":{"x":0.5728384256362915,"y":-0.35101568698883059,"z":0.6193196177482605},"rotation":{"x":0.012694897130131722,"y":-0.8308514356613159,"z":0.018948102369904519,"w":0.5560501217842102},"size":0.543631911277771,"orthographic":false}