{"cameraMode":{"drawMode":0,"name":"Shaded","section":"Shading Mode"},"sceneLighting":false,"audioPlay":false,"sceneViewState":{"showFog":true,"showMaterialUpdate":false,"showSkybox":false,"showFlares":true,"showImageEffects":true,"showParticleSystems":true},"in2DMode":false,"pivot":{"x":6.349755764007568,"y":17.341323852539064,"z":-1.7233052253723145},"rotation":{"x":-0.10626067966222763,"y":-0.8585737943649292,"z":0.18996404111385346,"w":-0.46502232551574709},"size":11.521380424499512,"orthographic":false}