{"cameraMode":{"drawMode":0,"name":"Shaded","section":"Shading Mode"},"sceneLighting":false,"audioPlay":false,"sceneViewState":{"showFog":true,"showMaterialUpdate":false,"showSkybox":false,"showFlares":true,"showImageEffects":true,"showParticleSystems":true},"in2DMode":false,"pivot":{"x":-25.520275115966798,"y":4.825492858886719,"z":-6.712177753448486},"rotation":{"x":-0.19686976075172425,"y":0.030278727412223817,"z":-0.010430872440338135,"w":-0.9803476333618164},"size":3.898271322250366,"orthographic":false}