{"cameraMode":{"drawMode":0,"name":"Shaded","section":"Shading Mode"},"sceneLighting":false,"audioPlay":false,"sceneViewState":{"showFog":true,"showMaterialUpdate":false,"showSkybox":false,"showFlares":true,"showImageEffects":true,"showParticleSystems":true},"in2DMode":false,"pivot":{"x":-0.07050943374633789,"y":-0.2887352705001831,"z":1.1994037628173829},"rotation":{"x":0.17012251913547517,"y":-0.06320689618587494,"z":0.010932734236121178,"w":0.9833367466926575},"size":1.3928706645965577,"orthographic":false}