{"cameraMode":{"drawMode":0,"name":"Shaded","section":"Shading Mode"},"sceneLighting":false,"audioPlay":false,"sceneViewState":{"showFog":true,"showMaterialUpdate":false,"showSkybox":false,"showFlares":true,"showImageEffects":true,"showParticleSystems":true},"in2DMode":false,"pivot":{"x":1.6463046073913575,"y":17.673826217651368,"z":2.7430591583251955},"rotation":{"x":-0.16159288585186006,"y":-0.8326658606529236,"z":0.4243529140949249,"w":-0.3171382248401642},"size":22.173830032348634,"orthographic":false}