{"cameraMode":{"drawMode":0,"name":"Shaded","section":"Shading Mode"},"sceneLighting":false,"audioPlay":false,"sceneViewState":{"showFog":true,"showMaterialUpdate":false,"showSkybox":false,"showFlares":true,"showImageEffects":true,"showParticleSystems":true},"in2DMode":false,"pivot":{"x":5.618417263031006,"y":17.41090965270996,"z":-0.28849124908447268},"rotation":{"x":-0.06813190132379532,"y":-0.9021681547164917,"z":0.3967740535736084,"w":-0.15529309213161469},"size":23.495376586914064,"orthographic":false}