{"cameraMode":{"drawMode":0,"name":"Shaded","section":"Shading Mode"},"sceneLighting":false,"audioPlay":false,"sceneViewState":{"showFog":true,"showMaterialUpdate":false,"showSkybox":false,"showFlares":true,"showImageEffects":true,"showParticleSystems":true},"in2DMode":false,"pivot":{"x":14.20761775970459,"y":34.748226165771487,"z":3.678666830062866},"rotation":{"x":0.3391870856285095,"y":-0.4643400311470032,"z":0.19841539859771729,"w":0.7938146591186523},"size":16.689485549926759,"orthographic":false}