{"cameraMode":{"drawMode":0,"name":"Shaded","section":"Shading Mode"},"sceneLighting":false,"audioPlay":false,"sceneViewState":{"showFog":true,"showMaterialUpdate":false,"showSkybox":false,"showFlares":true,"showImageEffects":true,"showParticleSystems":true},"in2DMode":false,"pivot":{"x":13.947488784790039,"y":19.62623405456543,"z":3.9644274711608888},"rotation":{"x":-0.26691874861717226,"y":-0.7279823422431946,"z":0.49367043375968935,"w":-0.39393043518066409},"size":23.495376586914064,"orthographic":false}