{"cameraMode":{"drawMode":0,"name":"Shaded","section":"Shading Mode"},"sceneLighting":false,"audioPlay":false,"sceneViewState":{"showFog":true,"showMaterialUpdate":false,"showSkybox":false,"showFlares":true,"showImageEffects":true,"showParticleSystems":true},"in2DMode":false,"pivot":{"x":0.7047638297080994,"y":-0.506735622882843,"z":1.1038674116134644},"rotation":{"x":0.14464762806892396,"y":0.7176723480224609,"z":-0.15657511353492738,"w":0.6629732847213745},"size":1.090360403060913,"orthographic":false}