{"cameraMode":{"drawMode":0,"name":"Shaded","section":"Shading Mode"},"sceneLighting":false,"audioPlay":false,"sceneViewState":{"showFog":true,"showMaterialUpdate":false,"showSkybox":false,"showFlares":true,"showImageEffects":true,"showParticleSystems":true},"in2DMode":false,"pivot":{"x":-25.990325927734376,"y":4.975963592529297,"z":19.365501403808595},"rotation":{"x":-0.37758129835128786,"y":0.59491366147995,"z":-0.3716430366039276,"w":-0.6046138405799866},"size":16.681560516357423,"orthographic":false}