{"cameraMode":{"drawMode":0,"name":"Shaded","section":"Shading Mode"},"sceneLighting":false,"audioPlay":false,"sceneViewState":{"showFog":true,"showMaterialUpdate":false,"showSkybox":false,"showFlares":true,"showImageEffects":true,"showParticleSystems":true},"in2DMode":false,"pivot":{"x":0.8165438175201416,"y":-0.40019822120666506,"z":2.811298131942749},"rotation":{"x":0.11823701858520508,"y":0.0699416846036911,"z":-0.008359846659004689,"w":0.9904991984367371},"size":5.163915157318115,"orthographic":false}