{"cameraMode":{"drawMode":0,"name":"Shaded","section":"Shading Mode"},"sceneLighting":false,"audioPlay":false,"sceneViewState":{"showFog":true,"showMaterialUpdate":false,"showSkybox":false,"showFlares":true,"showImageEffects":true,"showParticleSystems":true},"in2DMode":false,"pivot":{"x":11.432659149169922,"y":27.959230422973634,"z":-2.072793960571289},"rotation":{"x":0.13508231937885285,"y":0.8509724736213684,"z":-0.2664089500904083,"w":0.43211209774017336},"size":22.12327003479004,"orthographic":false}