{"cameraMode":{"drawMode":0,"name":"Shaded","section":"Shading Mode"},"sceneLighting":false,"audioPlay":false,"sceneViewState":{"showFog":true,"showMaterialUpdate":false,"showSkybox":false,"showFlares":true,"showImageEffects":true,"showParticleSystems":true},"in2DMode":false,"pivot":{"x":1.0223212242126465,"y":-0.9983704686164856,"z":-0.2746106684207916},"rotation":{"x":0.1964229792356491,"y":0.6960694193840027,"z":-0.20756810903549195,"w":0.6586719155311585},"size":2.635493040084839,"orthographic":false}