{"cameraMode":{"drawMode":0,"name":"Shaded","section":"Shading Mode"},"sceneLighting":false,"audioPlay":false,"sceneViewState":{"showFog":true,"showMaterialUpdate":false,"showSkybox":false,"showFlares":true,"showImageEffects":true,"showParticleSystems":true},"in2DMode":false,"pivot":{"x":0.5489923357963562,"y":-0.3114810585975647,"z":1.1063607931137086},"rotation":{"x":0.13414616882801057,"y":0.17881514132022859,"z":-0.024610674008727075,"w":0.9743987321853638},"size":1.5468239784240723,"orthographic":false}