{"cameraMode":{"drawMode":0,"name":"Shaded","section":"Shading Mode"},"sceneLighting":true,"audioPlay":false,"sceneViewState":{"showFog":true,"showMaterialUpdate":false,"showSkybox":false,"showFlares":true,"showImageEffects":true,"showParticleSystems":true},"in2DMode":false,"pivot":{"x":10.723413467407227,"y":24.918079376220704,"z":-5.0620269775390629},"rotation":{"x":0.0005534117808565497,"y":0.9994500875473023,"z":-0.02130066603422165,"w":0.025793641805648805},"size":74.80416870117188,"orthographic":false}