{"cameraMode":{"drawMode":0,"name":"Shaded","section":"Shading Mode"},"sceneLighting":false,"audioPlay":false,"sceneViewState":{"showFog":true,"showMaterialUpdate":false,"showSkybox":false,"showFlares":true,"showImageEffects":true,"showParticleSystems":true},"in2DMode":false,"pivot":{"x":-2.0704727172851564,"y":11.21432113647461,"z":2.203716278076172},"rotation":{"x":-0.3164467215538025,"y":0.6821841597557068,"z":-0.46516796946525576,"w":-0.46768489480018618},"size":188.53372192382813,"orthographic":false}