{"cameraMode":{"drawMode":0,"name":"Shaded","section":"Shading Mode"},"sceneLighting":false,"audioPlay":false,"sceneViewState":{"showFog":true,"showMaterialUpdate":false,"showSkybox":false,"showFlares":true,"showImageEffects":true,"showParticleSystems":true},"in2DMode":false,"pivot":{"x":-0.7732160091400147,"y":15.013635635375977,"z":3.1425580978393556},"rotation":{"x":-0.1585933119058609,"y":0.023973071947693826,"z":-0.0038607888855040075,"w":-0.987058699131012},"size":7.909182071685791,"orthographic":false}