{"cameraMode":{"drawMode":0,"name":"Shaded","section":"Shading Mode"},"sceneLighting":false,"audioPlay":false,"sceneViewState":{"showFog":true,"showMaterialUpdate":false,"showSkybox":false,"showFlares":true,"showImageEffects":true,"showParticleSystems":true},"in2DMode":false,"pivot":{"x":0.4923780858516693,"y":-0.476298987865448,"z":0.7629969120025635},"rotation":{"x":-0.1132303774356842,"y":-0.2513810396194458,"z":0.02962465211749077,"w":-0.9607932567596436},"size":0.6736279726028442,"orthographic":false}