{"cameraMode":{"drawMode":0,"name":"Shaded","section":"Shading Mode"},"sceneLighting":false,"audioPlay":false,"sceneViewState":{"showFog":true,"showMaterialUpdate":false,"showSkybox":false,"showFlares":true,"showImageEffects":true,"showParticleSystems":true},"in2DMode":false,"pivot":{"x":0.2357431948184967,"y":-0.1495271921157837,"z":0.8936492800712586},"rotation":{"x":0.11290479451417923,"y":0.14108750224113465,"z":-0.016206784173846246,"w":0.9834169745445252},"size":2.890596866607666,"orthographic":false}