{"cameraMode":{"drawMode":0,"name":"Shaded","section":"Shading Mode"},"sceneLighting":false,"audioPlay":false,"sceneViewState":{"showFog":true,"showMaterialUpdate":false,"showSkybox":false,"showFlares":true,"showImageEffects":true,"showParticleSystems":true},"in2DMode":false,"pivot":{"x":7.533290863037109,"y":23.197368621826173,"z":2.871257781982422},"rotation":{"x":0.3264622986316681,"y":0.6728956699371338,"z":-0.45342546701431277,"w":0.48490726947784426},"size":14.886846542358399,"orthographic":false}