{"cameraMode":{"drawMode":0,"name":"Shaded","section":"Shading Mode"},"sceneLighting":false,"audioPlay":false,"sceneViewState":{"showFog":true,"showMaterialUpdate":false,"showSkybox":false,"showFlares":true,"showImageEffects":true,"showParticleSystems":true},"in2DMode":false,"pivot":{"x":8.128289222717286,"y":30.86313247680664,"z":-1.7655264139175416},"rotation":{"x":0.11071924865245819,"y":0.734318196773529,"z":-0.12374819815158844,"w":0.6582556366920471},"size":18.422025680541993,"orthographic":false}