{"cameraMode":{"drawMode":0,"name":"Shaded","section":"Shading Mode"},"sceneLighting":false,"audioPlay":false,"sceneViewState":{"showFog":true,"showMaterialUpdate":false,"showSkybox":false,"showFlares":true,"showImageEffects":true,"showParticleSystems":true},"in2DMode":false,"pivot":{"x":-5.833833694458008,"y":0.1269139051437378,"z":5.804507732391357},"rotation":{"x":-0.0694064199924469,"y":0.7468550801277161,"z":-0.07894240319728852,"w":-0.6566291451454163},"size":3.2083323001861574,"orthographic":false}