{"cameraMode":{"drawMode":0,"name":"Shaded","section":"Shading Mode"},"sceneLighting":false,"audioPlay":false,"sceneViewState":{"showFog":true,"showMaterialUpdate":false,"showSkybox":false,"showFlares":true,"showImageEffects":true,"showParticleSystems":true},"in2DMode":false,"pivot":{"x":6.210829734802246,"y":24.66692543029785,"z":5.596378803253174},"rotation":{"x":0.31137099862098696,"y":0.654924213886261,"z":-0.33963656425476076,"w":0.5991321206092835},"size":23.033151626586915,"orthographic":false}