{"cameraMode":{"drawMode":0,"name":"Shaded","section":"Shading Mode"},"sceneLighting":false,"audioPlay":false,"sceneViewState":{"showFog":true,"showMaterialUpdate":false,"showSkybox":false,"showFlares":true,"showImageEffects":true,"showParticleSystems":true},"in2DMode":false,"pivot":{"x":3.6656606197357179,"y":20.360008239746095,"z":1.4352326393127442},"rotation":{"x":0.6052755117416382,"y":0.005524080712348223,"z":-0.001286109210923314,"w":0.7964857220649719},"size":12.996320724487305,"orthographic":false}