{"cameraMode":{"drawMode":0,"name":"Shaded","section":"Shading Mode"},"sceneLighting":false,"audioPlay":false,"sceneViewState":{"showFog":true,"showMaterialUpdate":false,"showSkybox":false,"showFlares":true,"showImageEffects":true,"showParticleSystems":true},"in2DMode":false,"pivot":{"x":9.031822204589844,"y":18.79488182067871,"z":10.694169998168946},"rotation":{"x":0.03147882595658302,"y":0.9680165648460388,"z":-0.1989680379629135,"w":0.1502465456724167},"size":19.386524200439454,"orthographic":false}