{"cameraMode":{"drawMode":0,"name":"Shaded","section":"Shading Mode"},"sceneLighting":false,"audioPlay":false,"sceneViewState":{"showFog":true,"showMaterialUpdate":false,"showSkybox":false,"showFlares":true,"showImageEffects":true,"showParticleSystems":true},"in2DMode":false,"pivot":{"x":13.510335922241211,"y":16.47088050842285,"z":5.953922271728516},"rotation":{"x":0.5975795388221741,"y":0.15042366087436677,"z":-0.11550753563642502,"w":0.7791112661361694},"size":31.397769927978517,"orthographic":false}