{"cameraMode":{"drawMode":0,"name":"Shaded","section":"Shading Mode"},"sceneLighting":false,"audioPlay":false,"sceneViewState":{"showFog":true,"showMaterialUpdate":false,"showSkybox":false,"showFlares":true,"showImageEffects":true,"showParticleSystems":true},"in2DMode":false,"pivot":{"x":7.225582122802734,"y":16.97312355041504,"z":3.7189974784851076},"rotation":{"x":0.31137099862098696,"y":0.654924213886261,"z":-0.33963656425476076,"w":0.5991321206092835},"size":21.15082359313965,"orthographic":false}