{"cameraMode":{"drawMode":0,"name":"Shaded","section":"Shading Mode"},"sceneLighting":false,"audioPlay":false,"sceneViewState":{"showFog":true,"showMaterialUpdate":false,"showSkybox":false,"showFlares":true,"showImageEffects":true,"showParticleSystems":true},"in2DMode":false,"pivot":{"x":-1.3769594430923463,"y":2.3024215698242189,"z":22.183795928955079},"rotation":{"x":0.5168555378913879,"y":0.019498201087117196,"z":-0.01182682253420353,"w":0.8558060526847839},"size":83.02079772949219,"orthographic":false}