{"cameraMode":{"drawMode":0,"name":"Shaded","section":"Shading Mode"},"sceneLighting":false,"audioPlay":false,"sceneViewState":{"showFog":true,"showMaterialUpdate":false,"showSkybox":false,"showFlares":true,"showImageEffects":true,"showParticleSystems":true},"in2DMode":false,"pivot":{"x":1.3551304340362549,"y":22.14849853515625,"z":-0.01302957534790039},"rotation":{"x":-0.08174329996109009,"y":0.9180944561958313,"z":-0.2858092486858368,"w":-0.26238366961479189},"size":6.141659736633301,"orthographic":false}