{"cameraMode":{"drawMode":0,"name":"Shaded","section":"Shading Mode"},"sceneLighting":false,"audioPlay":false,"sceneViewState":{"showFog":true,"showMaterialUpdate":false,"showSkybox":false,"showFlares":true,"showImageEffects":true,"showParticleSystems":true},"in2DMode":false,"pivot":{"x":10.119304656982422,"y":27.95074462890625,"z":2.7106237411499025},"rotation":{"x":0.43676266074180605,"y":0.39468246698379519,"z":-0.22167688608169557,"w":0.7774907946586609},"size":26.824432373046876,"orthographic":false}