{"cameraMode":{"drawMode":0,"name":"Shaded","section":"Shading Mode"},"sceneLighting":false,"audioPlay":false,"sceneViewState":{"showFog":true,"showMaterialUpdate":false,"showSkybox":false,"showFlares":true,"showImageEffects":true,"showParticleSystems":true},"in2DMode":false,"pivot":{"x":7.522363662719727,"y":22.218015670776368,"z":-1.6963380575180054},"rotation":{"x":0.16143886744976045,"y":0.7382554411888123,"z":-0.19043688476085664,"w":0.6266945004463196},"size":22.12327003479004,"orthographic":false}