{"cameraMode":{"drawMode":0,"name":"Shaded","section":"Shading Mode"},"sceneLighting":true,"audioPlay":false,"sceneViewState":{"showFog":true,"showMaterialUpdate":false,"showSkybox":false,"showFlares":true,"showImageEffects":true,"showParticleSystems":true},"in2DMode":false,"pivot":{"x":-0.2986412048339844,"y":-2.0134363174438478,"z":-8.19002914428711},"rotation":{"x":-0.008888805285096169,"y":0.9823372960090637,"z":-0.1805923730134964,"w":-0.04836844280362129},"size":46.64360809326172,"orthographic":false}