{"cameraMode":{"drawMode":0,"name":"Shaded","section":"Shading Mode"},"sceneLighting":false,"audioPlay":false,"sceneViewState":{"showFog":true,"showMaterialUpdate":false,"showSkybox":false,"showFlares":true,"showImageEffects":true,"showParticleSystems":true},"in2DMode":false,"pivot":{"x":9.671405792236329,"y":12.756113052368164,"z":-4.964969158172607},"rotation":{"x":0.4648279845714569,"y":0.5097208023071289,"z":-0.6119206547737122,"w":0.38709476590156557},"size":64.4306869506836,"orthographic":false}