{"cameraMode":{"drawMode":0,"name":"Shaded","section":"Shading Mode"},"sceneLighting":false,"audioPlay":false,"sceneViewState":{"showFog":true,"showMaterialUpdate":false,"showSkybox":false,"showFlares":true,"showImageEffects":true,"showParticleSystems":true},"in2DMode":false,"pivot":{"x":-2.0710067749023439,"y":16.02899169921875,"z":8.5218505859375},"rotation":{"x":-0.4128379821777344,"y":-0.38626009225845339,"z":0.19854736328125,"w":-0.8007098436355591},"size":21.143335342407228,"orthographic":false}