{"cameraMode":{"drawMode":0,"name":"Shaded","section":"Shading Mode"},"sceneLighting":false,"audioPlay":false,"sceneViewState":{"showFog":true,"showMaterialUpdate":false,"showSkybox":false,"showFlares":true,"showImageEffects":true,"showParticleSystems":true},"in2DMode":false,"pivot":{"x":14.88565444946289,"y":5.957172393798828,"z":-9.823967933654786},"rotation":{"x":-0.6588196158409119,"y":0.03688249737024307,"z":-0.0378887876868248,"w":-0.7510154843330383},"size":71.1395263671875,"orthographic":false}