{"cameraMode":{"drawMode":0,"name":"Shaded","section":"Shading Mode"},"sceneLighting":true,"audioPlay":false,"sceneViewState":{"showFog":true,"showMaterialUpdate":false,"showSkybox":false,"showFlares":true,"showImageEffects":true,"showParticleSystems":true},"in2DMode":false,"pivot":{"x":0.0000012218952178955079,"y":1.5203776359558106,"z":5.000001430511475},"rotation":{"x":0.19243979454040528,"y":0.7418765425682068,"z":-0.2395322322845459,"w":0.5960121750831604},"size":5.733700752258301,"orthographic":false}