{"cameraMode":{"drawMode":0,"name":"Shaded","section":"Shading Mode"},"sceneLighting":false,"audioPlay":false,"sceneViewState":{"showFog":true,"showMaterialUpdate":false,"showSkybox":false,"showFlares":true,"showImageEffects":true,"showParticleSystems":true},"in2DMode":false,"pivot":{"x":6.419818878173828,"y":1.4335174560546876,"z":-4.834146499633789},"rotation":{"x":-0.08937433362007141,"y":0.8598431944847107,"z":-0.4762322008609772,"w":-0.16122466325759889},"size":44.71895217895508,"orthographic":false}