{"cameraMode":{"drawMode":0,"name":"Shaded","section":"Shading Mode"},"sceneLighting":false,"audioPlay":false,"sceneViewState":{"showFog":true,"showMaterialUpdate":false,"showSkybox":false,"showFlares":true,"showImageEffects":true,"showParticleSystems":true},"in2DMode":false,"pivot":{"x":-1.9636578559875489,"y":-0.12516021728515626,"z":38.583316802978519},"rotation":{"x":0.09254072606563568,"y":0.632174015045166,"z":-0.07642621546983719,"w":0.7654761672019959},"size":22.0,"orthographic":false}