{"cameraMode":{"drawMode":0,"name":"Shaded","section":"Shading Mode"},"sceneLighting":false,"audioPlay":false,"sceneViewState":{"showFog":true,"showMaterialUpdate":false,"showSkybox":false,"showFlares":true,"showImageEffects":true,"showParticleSystems":true},"in2DMode":false,"pivot":{"x":10.04965591430664,"y":29.766788482666017,"z":0.9788455963134766},"rotation":{"x":0.2483913004398346,"y":0.6558459997177124,"z":-0.24226658046245576,"w":0.6705701947212219},"size":25.19951057434082,"orthographic":false}