{"cameraMode":{"drawMode":0,"name":"Shaded","section":"Shading Mode"},"sceneLighting":false,"audioPlay":false,"sceneViewState":{"showFog":true,"showMaterialUpdate":false,"showSkybox":false,"showFlares":true,"showImageEffects":true,"showParticleSystems":true},"in2DMode":false,"pivot":{"x":7.741546630859375,"y":21.279788970947267,"z":4.638545513153076},"rotation":{"x":-0.24454937875270844,"y":-0.6593472361564636,"z":0.2401530146598816,"w":-0.6693075299263},"size":26.567155838012697,"orthographic":false}