{"cameraMode":{"drawMode":0,"name":"Shaded","section":"Shading Mode"},"sceneLighting":false,"audioPlay":false,"sceneViewState":{"showFog":true,"showMaterialUpdate":false,"showSkybox":false,"showFlares":true,"showImageEffects":true,"showParticleSystems":true},"in2DMode":false,"pivot":{"x":14.665571212768555,"y":23.87445831298828,"z":-2.150454521179199},"rotation":{"x":-0.461758017539978,"y":-0.5378085374832153,"z":0.4897252917289734,"w":-0.5077967643737793},"size":50.49227523803711,"orthographic":false}