{"cameraMode":{"drawMode":0,"name":"Shaded","section":"Shading Mode"},"sceneLighting":false,"audioPlay":false,"sceneViewState":{"showFog":true,"showMaterialUpdate":false,"showSkybox":false,"showFlares":true,"showImageEffects":true,"showParticleSystems":true},"in2DMode":false,"pivot":{"x":-24.76715660095215,"y":-18.755287170410158,"z":2.546213388442993},"rotation":{"x":-0.26743799448013308,"y":0.6409481167793274,"z":-0.25475096702575686,"w":-0.6728834509849548},"size":146.6926727294922,"orthographic":false}