{"cameraMode":{"drawMode":0,"name":"Shaded","section":"Shading Mode"},"sceneLighting":false,"audioPlay":false,"sceneViewState":{"showFog":true,"showMaterialUpdate":false,"showSkybox":false,"showFlares":true,"showImageEffects":true,"showParticleSystems":true},"in2DMode":false,"pivot":{"x":0.44999998807907107,"y":-0.4930956959724426,"z":0.7239999771118164},"rotation":{"x":-0.12586136162281037,"y":0.3565535247325897,"z":-0.04854172468185425,"w":-0.9244896769523621},"size":0.9779918193817139,"orthographic":false}