{"cameraMode":{"drawMode":0,"name":"Shaded","section":"Shading Mode"},"sceneLighting":false,"audioPlay":false,"sceneViewState":{"showFog":true,"showMaterialUpdate":false,"showSkybox":false,"showFlares":true,"showImageEffects":true,"showParticleSystems":true},"in2DMode":false,"pivot":{"x":-6.232586860656738,"y":16.02883529663086,"z":0.14900970458984376},"rotation":{"x":0.06638215482234955,"y":0.8783888220787048,"z":-0.455955445766449,"w":0.12769119441509248},"size":42.4433708190918,"orthographic":false}