{"cameraMode":{"drawMode":0,"name":"Shaded","section":"Shading Mode"},"sceneLighting":false,"audioPlay":false,"sceneViewState":{"showFog":true,"showMaterialUpdate":false,"showSkybox":false,"showFlares":true,"showImageEffects":true,"showParticleSystems":true},"in2DMode":false,"pivot":{"x":4.649407863616943,"y":21.28481674194336,"z":0.3923912048339844},"rotation":{"x":0.29758739471435549,"y":0.6982414126396179,"z":-0.50461745262146,"w":0.4117305874824524},"size":13.35912799835205,"orthographic":false}