{"cameraMode":{"drawMode":0,"name":"Shaded","section":"Shading Mode"},"sceneLighting":false,"audioPlay":false,"sceneViewState":{"showFog":true,"showMaterialUpdate":false,"showSkybox":false,"showFlares":true,"showImageEffects":true,"showParticleSystems":true},"in2DMode":false,"pivot":{"x":1.9131050109863282,"y":17.855857849121095,"z":1.2218847274780274},"rotation":{"x":-0.06768710911273956,"y":0.9175787568092346,"z":-0.1771913319826126,"w":-0.3497591018676758},"size":22.0,"orthographic":false}