{"cameraMode":{"drawMode":0,"name":"Shaded","section":"Shading Mode"},"sceneLighting":false,"audioPlay":false,"sceneViewState":{"showFog":true,"showMaterialUpdate":false,"showSkybox":false,"showFlares":true,"showImageEffects":true,"showParticleSystems":true},"in2DMode":false,"pivot":{"x":-2.1007728576660158,"y":0.5854835510253906,"z":-7.48872184753418},"rotation":{"x":-0.43170520663261416,"y":-0.4842709004878998,"z":0.2983154356479645,"w":-0.7003386616706848},"size":67.37684631347656,"orthographic":false}