{"cameraMode":{"drawMode":0,"name":"Shaded","section":"Shading Mode"},"sceneLighting":false,"audioPlay":false,"sceneViewState":{"showFog":true,"showMaterialUpdate":false,"showSkybox":false,"showFlares":true,"showImageEffects":true,"showParticleSystems":true},"in2DMode":false,"pivot":{"x":26.00006675720215,"y":8.59999942779541,"z":-22.001911163330079},"rotation":{"x":-0.10475155711174011,"y":-0.3351409137248993,"z":0.032685160636901858,"w":-0.9362169504165649},"size":2.572341203689575,"orthographic":false}