{"cameraMode":{"drawMode":0,"name":"Shaded","section":"Shading Mode"},"sceneLighting":true,"audioPlay":false,"sceneViewState":{"showFog":true,"showMaterialUpdate":false,"showSkybox":false,"showFlares":true,"showImageEffects":true,"showParticleSystems":true},"in2DMode":false,"pivot":{"x":1.3510336875915528,"y":5.38882303237915,"z":2.351259231567383},"rotation":{"x":-0.0045051309280097488,"y":0.7786269187927246,"z":0.005604444537311792,"w":0.6274619698524475},"size":5.99741792678833,"orthographic":false}