{"cameraMode":{"drawMode":0,"name":"Shaded","section":"Shading Mode"},"sceneLighting":false,"audioPlay":false,"sceneViewState":{"showFog":true,"showMaterialUpdate":false,"showSkybox":false,"showFlares":true,"showImageEffects":true,"showParticleSystems":true},"in2DMode":false,"pivot":{"x":4.733731269836426,"y":17.954030990600587,"z":1.021394968032837},"rotation":{"x":-0.19594261050224305,"y":-0.6771681904792786,"z":0.1939973384141922,"w":-0.6824225783348084},"size":12.898968696594239,"orthographic":false}