{"cameraMode":{"drawMode":0,"name":"Shaded","section":"Shading Mode"},"sceneLighting":false,"audioPlay":false,"sceneViewState":{"showFog":true,"showMaterialUpdate":false,"showSkybox":false,"showFlares":true,"showImageEffects":true,"showParticleSystems":true},"in2DMode":false,"pivot":{"x":-18.101329803466798,"y":6.671071529388428,"z":18.508150100708009},"rotation":{"x":-0.05139024555683136,"y":0.8002043962478638,"z":-0.0742182806134224,"w":-0.5935218930244446},"size":11.415517807006836,"orthographic":false}