{"cameraMode":{"drawMode":0,"name":"Shaded","section":"Shading Mode"},"sceneLighting":false,"audioPlay":false,"sceneViewState":{"showFog":true,"showMaterialUpdate":false,"showSkybox":false,"showFlares":true,"showImageEffects":true,"showParticleSystems":true},"in2DMode":false,"pivot":{"x":7.850986957550049,"y":19.819284439086915,"z":8.933388710021973},"rotation":{"x":-0.08845329284667969,"y":-0.7077873349189758,"z":0.08765400946140289,"w":-0.6956976652145386},"size":11.49579906463623,"orthographic":false}