{"cameraMode":{"drawMode":0,"name":"Shaded","section":"Shading Mode"},"sceneLighting":false,"audioPlay":false,"sceneViewState":{"showFog":true,"showMaterialUpdate":false,"showSkybox":false,"showFlares":true,"showImageEffects":true,"showParticleSystems":true},"in2DMode":false,"pivot":{"x":16.307849884033204,"y":14.131696701049805,"z":-2.766397476196289},"rotation":{"x":0.1617581844329834,"y":0.8389337658882141,"z":-0.3641662895679474,"w":0.3709634840488434},"size":31.167272567749025,"orthographic":false}