{"cameraMode":{"drawMode":0,"name":"Shaded","section":"Shading Mode"},"sceneLighting":false,"audioPlay":false,"sceneViewState":{"showFog":true,"showMaterialUpdate":false,"showSkybox":false,"showFlares":true,"showImageEffects":true,"showParticleSystems":true},"in2DMode":false,"pivot":{"x":5.346780776977539,"y":18.07845115661621,"z":2.688469886779785},"rotation":{"x":-0.1809287667274475,"y":-0.8122411966323853,"z":0.3299848139286041,"w":-0.44579553604125979},"size":23.495376586914064,"orthographic":false}