{"cameraMode":{"drawMode":0,"name":"Shaded","section":"Shading Mode"},"sceneLighting":false,"audioPlay":false,"sceneViewState":{"showFog":true,"showMaterialUpdate":false,"showSkybox":false,"showFlares":true,"showImageEffects":true,"showParticleSystems":true},"in2DMode":false,"pivot":{"x":-8.479461669921875,"y":9.322761535644532,"z":-4.668267250061035},"rotation":{"x":-0.19888415932655335,"y":0.7144044041633606,"z":-0.22478339076042176,"w":-0.6322258710861206},"size":68.1191177368164,"orthographic":false}