{"cameraMode":{"drawMode":0,"name":"Shaded","section":"Shading Mode"},"sceneLighting":false,"audioPlay":false,"sceneViewState":{"showFog":true,"showMaterialUpdate":false,"showSkybox":false,"showFlares":true,"showImageEffects":true,"showParticleSystems":true},"in2DMode":false,"pivot":{"x":0.7746331691741943,"y":0.27704739570617678,"z":-1.1109495162963868},"rotation":{"x":-0.018682263791561128,"y":0.9811788201332092,"z":-0.12759117782115937,"w":-0.14379380643367768},"size":7.5117950439453129,"orthographic":false}