{"cameraMode":{"drawMode":0,"name":"Shaded","section":"Shading Mode"},"sceneLighting":false,"audioPlay":false,"sceneViewState":{"showFog":true,"showMaterialUpdate":false,"showSkybox":false,"showFlares":true,"showImageEffects":true,"showParticleSystems":true},"in2DMode":false,"pivot":{"x":0.3832353353500366,"y":-0.4115779995918274,"z":0.7608967423439026},"rotation":{"x":0.009253463707864285,"y":0.9907670021057129,"z":-0.09571518003940582,"w":0.0957072302699089},"size":0.4848240613937378,"orthographic":false}