{"cameraMode":{"drawMode":0,"name":"Shaded","section":"Shading Mode"},"sceneLighting":false,"audioPlay":false,"sceneViewState":{"showFog":true,"showMaterialUpdate":false,"showSkybox":false,"showFlares":true,"showImageEffects":true,"showParticleSystems":true},"in2DMode":false,"pivot":{"x":0.8565568923950195,"y":1.051142692565918,"z":-1.5424318313598633},"rotation":{"x":0.01211534719914198,"y":0.8960413932800293,"z":-0.024471493437886239,"w":0.443162739276886},"size":3.4259696006774904,"orthographic":false}