{"cameraMode":{"drawMode":0,"name":"Shaded","section":"Shading Mode"},"sceneLighting":false,"audioPlay":false,"sceneViewState":{"showFog":true,"showMaterialUpdate":false,"showSkybox":false,"showFlares":true,"showImageEffects":true,"showParticleSystems":true},"in2DMode":false,"pivot":{"x":11.109419822692871,"y":12.275508880615235,"z":-5.520678520202637},"rotation":{"x":0.1617581844329834,"y":0.8389337658882141,"z":-0.3641662895679474,"w":0.3709634840488434},"size":31.167272567749025,"orthographic":false}