{"cameraMode":{"drawMode":0,"name":"Shaded","section":"Shading Mode"},"sceneLighting":false,"audioPlay":false,"sceneViewState":{"showFog":true,"showMaterialUpdate":false,"showSkybox":false,"showFlares":true,"showImageEffects":true,"showParticleSystems":true},"in2DMode":false,"pivot":{"x":-1.292409896850586,"y":3.8643112182617189,"z":10.029314041137696},"rotation":{"x":-0.5159149765968323,"y":-0.0032987967133522035,"z":-0.0030226237140595915,"w":-0.8571329116821289},"size":81.80582427978516,"orthographic":false}