{"cameraMode":{"drawMode":0,"name":"Shaded","section":"Shading Mode"},"sceneLighting":false,"audioPlay":false,"sceneViewState":{"showFog":true,"showMaterialUpdate":false,"showSkybox":false,"showFlares":true,"showImageEffects":true,"showParticleSystems":true},"in2DMode":false,"pivot":{"x":19.955913543701173,"y":15.165889739990235,"z":-4.980738639831543},"rotation":{"x":-0.3978300094604492,"y":-0.5971595048904419,"z":0.44147226214408877,"w":-0.538870632648468},"size":47.43399429321289,"orthographic":false}