{"cameraMode":{"drawMode":0,"name":"Shaded","section":"Shading Mode"},"sceneLighting":true,"audioPlay":false,"sceneViewState":{"showFog":true,"showMaterialUpdate":false,"showSkybox":false,"showFlares":true,"showImageEffects":true,"showParticleSystems":true},"in2DMode":false,"pivot":{"x":-37.161293029785159,"y":-37.402587890625,"z":-88.88142395019531},"rotation":{"x":-0.03785703703761101,"y":0.9616215825080872,"z":-0.17529350519180299,"w":-0.2076769322156906},"size":128.13368225097657,"orthographic":false}