{"cameraMode":{"drawMode":0,"name":"Shaded","section":"Shading Mode"},"sceneLighting":false,"audioPlay":false,"sceneViewState":{"showFog":true,"showMaterialUpdate":false,"showSkybox":false,"showFlares":true,"showImageEffects":true,"showParticleSystems":true},"in2DMode":false,"pivot":{"x":-0.7514948844909668,"y":-0.18690812587738038,"z":-2.908363103866577},"rotation":{"x":0.012402884662151337,"y":0.9839639067649841,"z":-0.16112355887889863,"w":0.07571664452552796},"size":5.4813642501831059,"orthographic":false}