{"cameraMode":{"drawMode":0,"name":"Shaded","section":"Shading Mode"},"sceneLighting":false,"audioPlay":false,"sceneViewState":{"showFog":true,"showMaterialUpdate":false,"showSkybox":false,"showFlares":true,"showImageEffects":true,"showParticleSystems":true},"in2DMode":false,"pivot":{"x":7.326605796813965,"y":28.610904693603517,"z":3.95947003364563},"rotation":{"x":0.38811421394348147,"y":0.5862218141555786,"z":-0.37718185782432558,"w":0.60300612449646},"size":18.29937171936035,"orthographic":false}