{"cameraMode":{"drawMode":0,"name":"Shaded","section":"Shading Mode"},"sceneLighting":true,"audioPlay":false,"sceneViewState":{"showFog":true,"showMaterialUpdate":false,"showSkybox":false,"showFlares":true,"showImageEffects":true,"showParticleSystems":true},"in2DMode":false,"pivot":{"x":0.000001430511474609375,"y":1.5876256227493287,"z":5.0},"rotation":{"x":0.19243979454040528,"y":0.7418765425682068,"z":-0.2395322322845459,"w":0.5960121750831604},"size":6.013278961181641,"orthographic":false}