{"cameraMode":{"drawMode":0,"name":"Shaded","section":"Shading Mode"},"sceneLighting":false,"audioPlay":false,"sceneViewState":{"showFog":true,"showMaterialUpdate":false,"showSkybox":false,"showFlares":true,"showImageEffects":true,"showParticleSystems":true},"in2DMode":false,"pivot":{"x":-4.244998931884766,"y":0.4529991149902344,"z":6.489238739013672},"rotation":{"x":0.00011401415395084769,"y":0.9998767375946045,"z":0.008689877577126027,"w":-0.013198553584516049},"size":240.062255859375,"orthographic":false}