{"cameraMode":{"drawMode":0,"name":"Shaded","section":"Shading Mode"},"sceneLighting":false,"audioPlay":false,"sceneViewState":{"showFog":true,"showMaterialUpdate":false,"showSkybox":false,"showFlares":true,"showImageEffects":true,"showParticleSystems":true},"in2DMode":false,"pivot":{"x":0.41996198892593386,"y":-0.41775012016296389,"z":0.6421493887901306},"rotation":{"x":-0.16403856873512269,"y":0.3196920156478882,"z":-0.05629570409655571,"w":-0.9315232038497925},"size":0.3367217183113098,"orthographic":false}