{"cameraMode":{"drawMode":0,"name":"Shaded","section":"Shading Mode"},"sceneLighting":false,"audioPlay":false,"sceneViewState":{"showFog":true,"showMaterialUpdate":false,"showSkybox":false,"showFlares":true,"showImageEffects":true,"showParticleSystems":true},"in2DMode":false,"pivot":{"x":-0.12121081352233887,"y":0.46174612641334536,"z":0.4359111487865448},"rotation":{"x":-0.05330059677362442,"y":0.6559361815452576,"z":-0.04652668163180351,"w":-0.7515068650245667},"size":4.833744049072266,"orthographic":false}