{"cameraMode":{"drawMode":0,"name":"Shaded","section":"Shading Mode"},"sceneLighting":false,"audioPlay":false,"sceneViewState":{"showFog":true,"showMaterialUpdate":false,"showSkybox":false,"showFlares":true,"showImageEffects":true,"showParticleSystems":true},"in2DMode":false,"pivot":{"x":1.045640230178833,"y":-0.8089725375175476,"z":0.6686604619026184},"rotation":{"x":-0.17282158136367799,"y":-0.6547002196311951,"z":0.1508474200963974,"w":-0.7208446860313416},"size":1.1979336738586426,"orthographic":false}