{"cameraMode":{"drawMode":0,"name":"Shaded","section":"Shading Mode"},"sceneLighting":true,"audioPlay":false,"sceneViewState":{"showFog":true,"showMaterialUpdate":false,"showSkybox":false,"showFlares":true,"showImageEffects":true,"showParticleSystems":true},"in2DMode":false,"pivot":{"x":3.1205577850341799,"y":-3.375661849975586,"z":-12.54888916015625},"rotation":{"x":0.02820073999464512,"y":0.9705888032913208,"z":-0.1920119673013687,"w":0.14252428710460664},"size":78.0537338256836,"orthographic":false}