{"cameraMode":{"drawMode":0,"name":"Shaded","section":"Shading Mode"},"sceneLighting":false,"audioPlay":false,"sceneViewState":{"showFog":true,"showMaterialUpdate":false,"showSkybox":false,"showFlares":true,"showImageEffects":true,"showParticleSystems":true},"in2DMode":false,"pivot":{"x":1.23918616771698,"y":-0.3631798326969147,"z":1.1673561334609986},"rotation":{"x":0.03961770981550217,"y":0.48375070095062258,"z":-0.02195535972714424,"w":0.8740513324737549},"size":1.6340155601501465,"orthographic":false}