{"cameraMode":{"drawMode":0,"name":"Shaded","section":"Shading Mode"},"sceneLighting":true,"audioPlay":false,"sceneViewState":{"showFog":false,"showMaterialUpdate":false,"showSkybox":false,"showFlares":false,"showImageEffects":false,"showParticleSystems":false},"in2DMode":false,"pivot":{"x":-11.549571990966797,"y":-3.9819517135620119,"z":-11.547258377075196},"rotation":{"x":-0.040146585553884509,"y":0.929901659488678,"z":-0.10676291584968567,"w":-0.34969642758369448},"size":28.144441604614259,"orthographic":false}