{"cameraMode":{"drawMode":0,"name":"Shaded","section":"Shading Mode"},"sceneLighting":true,"audioPlay":false,"sceneViewState":{"showFog":true,"showMaterialUpdate":false,"showSkybox":false,"showFlares":true,"showImageEffects":true,"showParticleSystems":true},"in2DMode":false,"pivot":{"x":-1.4568504095077515,"y":-3.107119560241699,"z":1.6447598934173585},"rotation":{"x":-0.3438090980052948,"y":0.5496156215667725,"z":-0.26468855142593386,"w":-0.7139090895652771},"size":5.460034370422363,"orthographic":false}