{"cameraMode":{"drawMode":0,"name":"Shaded","section":"Shading Mode"},"sceneLighting":true,"audioPlay":false,"sceneViewState":{"showFog":false,"showMaterialUpdate":false,"showSkybox":false,"showFlares":false,"showImageEffects":false,"showParticleSystems":false},"in2DMode":false,"pivot":{"x":-12.527091026306153,"y":3.8106603622436525,"z":-11.756627082824707},"rotation":{"x":0.013852771371603012,"y":0.9209883213043213,"z":0.03288441523909569,"w":-0.38797375559806826},"size":33.306396484375,"orthographic":false}