{"cameraMode":{"drawMode":0,"name":"Shaded","section":"Shading Mode"},"sceneLighting":false,"audioPlay":false,"sceneViewState":{"showFog":true,"showMaterialUpdate":false,"showSkybox":false,"showFlares":true,"showImageEffects":true,"showParticleSystems":true},"in2DMode":false,"pivot":{"x":-0.7521187663078308,"y":0.5204944610595703,"z":-2.488595724105835},"rotation":{"x":-0.00644739018753171,"y":-0.9935473799705505,"z":-0.08184444159269333,"w":0.0782608687877655},"size":5.938901424407959,"orthographic":false}