{"cameraMode":{"drawMode":0,"name":"Shaded","section":"Shading Mode"},"sceneLighting":true,"audioPlay":false,"sceneViewState":{"showFog":false,"showMaterialUpdate":false,"showSkybox":false,"showFlares":false,"showImageEffects":false,"showParticleSystems":false},"in2DMode":false,"pivot":{"x":-4.3018083572387699,"y":0.3847394585609436,"z":7.227660179138184},"rotation":{"x":-0.060782983899116519,"y":0.7632021903991699,"z":-0.07257688045501709,"w":-0.6391907334327698},"size":0.7606250643730164,"orthographic":false}