{"cameraMode":{"drawMode":0,"name":"Shaded","section":"Shading Mode"},"sceneLighting":true,"audioPlay":false,"sceneViewState":{"showFog":false,"showMaterialUpdate":false,"showSkybox":false,"showFlares":false,"showImageEffects":false,"showParticleSystems":false},"in2DMode":false,"pivot":{"x":0.24976372718811036,"y":0.3870603144168854,"z":1.262660026550293},"rotation":{"x":0.0044515300542116169,"y":0.14646966755390168,"z":-0.0006591155542992055,"w":0.9892048835754395},"size":3.4969820976257326,"orthographic":false}