{"cameraMode":{"drawMode":0,"name":"Shaded","section":"Shading Mode"},"sceneLighting":true,"audioPlay":false,"sceneViewState":{"showFog":false,"showMaterialUpdate":false,"showSkybox":false,"showFlares":false,"showImageEffects":false,"showParticleSystems":false},"in2DMode":false,"pivot":{"x":-2.804013729095459,"y":-0.08931398391723633,"z":7.235783576965332},"rotation":{"x":0.4100380539894104,"y":-0.5802061557769775,"z":0.4230371415615082,"w":0.5623782873153687},"size":4.732457160949707,"orthographic":false}