{"cameraMode":{"drawMode":0,"name":"Shaded","section":"Shading Mode"},"sceneLighting":true,"audioPlay":false,"sceneViewState":{"showFog":false,"showMaterialUpdate":false,"showSkybox":false,"showFlares":false,"showImageEffects":false,"showParticleSystems":false},"in2DMode":false,"pivot":{"x":-21.77588653564453,"y":6.964466094970703,"z":-5.195976257324219},"rotation":{"x":-0.32113873958587649,"y":0.6312288641929627,"z":-0.3228784501552582,"w":-0.6278315186500549},"size":54.23897171020508,"orthographic":false}