{"cameraMode":{"drawMode":0,"name":"Shaded","section":"Shading Mode"},"sceneLighting":true,"audioPlay":false,"sceneViewState":{"showFog":true,"showMaterialUpdate":false,"showSkybox":false,"showFlares":true,"showImageEffects":true,"showParticleSystems":true},"in2DMode":false,"pivot":{"x":0.23493808507919312,"y":-0.4360485076904297,"z":0.4017941951751709},"rotation":{"x":-0.07939166575670243,"y":-0.6258206367492676,"z":0.06424852460622788,"w":-0.7732580304145813},"size":0.9447681307792664,"orthographic":false}