{"cameraMode":{"drawMode":0,"name":"Shaded","section":"Shading Mode"},"sceneLighting":false,"audioPlay":false,"sceneViewState":{"showFog":false,"showMaterialUpdate":false,"showSkybox":false,"showFlares":false,"showImageEffects":false,"showParticleSystems":false},"in2DMode":false,"pivot":{"x":-4.244999885559082,"y":0.46800002455711367,"z":6.486737251281738},"rotation":{"x":-0.08897054195404053,"y":0.6939885020256043,"z":-0.08706893771886826,"w":-0.7091439366340637},"size":0.5831876397132874,"orthographic":false}