{"cameraMode":{"drawMode":0,"name":"Shaded","section":"Shading Mode"},"sceneLighting":true,"audioPlay":false,"sceneViewState":{"showFog":false,"showMaterialUpdate":false,"showSkybox":false,"showFlares":false,"showImageEffects":false,"showParticleSystems":false},"in2DMode":false,"pivot":{"x":-0.3388237953186035,"y":30.971040725708009,"z":3.4255316257476808},"rotation":{"x":-0.2817835807800293,"y":-0.6902999877929688,"z":0.3387858271598816,"w":-0.5739294290542603},"size":8.573651313781739,"orthographic":false}