{"cameraMode":{"drawMode":0,"name":"Shaded","section":"Shading Mode"},"sceneLighting":true,"audioPlay":false,"sceneViewState":{"showFog":false,"showMaterialUpdate":false,"showSkybox":false,"showFlares":false,"showImageEffects":false,"showParticleSystems":false},"in2DMode":false,"pivot":{"x":448.6041564941406,"y":322.5166015625,"z":46.5958251953125},"rotation":{"x":0.04227999970316887,"y":0.028465524315834047,"z":-0.0012075962731614709,"w":0.9987033009529114},"size":200.17849731445313,"orthographic":false}