{"cameraMode":{"drawMode":0,"name":"Shaded","section":"Shading Mode"},"sceneLighting":true,"audioPlay":false,"sceneViewState":{"showFog":false,"showMaterialUpdate":false,"showSkybox":false,"showFlares":false,"showImageEffects":false,"showParticleSystems":false},"in2DMode":false,"pivot":{"x":0.8424763679504395,"y":4.215734481811523,"z":8.424583435058594},"rotation":{"x":0.13942742347717286,"y":-0.8593543171882629,"z":0.32229548692703249,"w":0.37175658345222475},"size":3.0277466773986818,"orthographic":false}