{"cameraMode":{"drawMode":0,"name":"Shaded","section":"Shading Mode"},"sceneLighting":true,"audioPlay":false,"sceneViewState":{"showFog":false,"showMaterialUpdate":false,"showSkybox":false,"showFlares":false,"showImageEffects":false,"showParticleSystems":false},"in2DMode":false,"pivot":{"x":18.665794372558595,"y":5.165874004364014,"z":12.755230903625489},"rotation":{"x":0.11726844310760498,"y":-0.8823676109313965,"z":0.30846720933914187,"w":0.3354465365409851},"size":0.7678759098052979,"orthographic":false}