{"cameraMode":{"drawMode":0,"name":"Shaded","section":"Shading Mode"},"sceneLighting":true,"audioPlay":false,"sceneViewState":{"showFog":true,"showMaterialUpdate":false,"showSkybox":false,"showFlares":true,"showImageEffects":true,"showParticleSystems":true},"in2DMode":false,"pivot":{"x":0.17365150153636933,"y":-0.25752127170562746,"z":-0.059261322021484378},"rotation":{"x":0.2433660477399826,"y":-0.059610798954963687,"z":0.014987054280936718,"w":0.9679864645004273},"size":1.0229005813598633,"orthographic":false}