{"cameraMode":{"drawMode":0,"name":"Shaded","section":"Shading Mode"},"sceneLighting":true,"audioPlay":false,"sceneViewState":{"showFog":false,"showMaterialUpdate":false,"showSkybox":false,"showFlares":false,"showImageEffects":false,"showParticleSystems":false},"in2DMode":false,"pivot":{"x":19.379894256591798,"y":-2.7647221088409426,"z":-4.918142318725586},"rotation":{"x":0.024163750931620599,"y":0.8449047803878784,"z":-0.03831057250499725,"w":0.5330142974853516},"size":52.449832916259769,"orthographic":false}