{"cameraMode":{"drawMode":0,"name":"Shaded","section":"Shading Mode"},"sceneLighting":true,"audioPlay":false,"sceneViewState":{"showFog":false,"showMaterialUpdate":false,"showSkybox":false,"showFlares":false,"showImageEffects":false,"showParticleSystems":false},"in2DMode":false,"pivot":{"x":-4.260263442993164,"y":0.44433969259262087,"z":6.581648826599121},"rotation":{"x":0.1781851053237915,"y":-0.7253729104995728,"z":0.20427162945270539,"w":0.6327393054962158},"size":0.7251216769218445,"orthographic":false}