{"cameraMode":{"drawMode":0,"name":"Shaded","section":"Shading Mode"},"sceneLighting":false,"audioPlay":false,"sceneViewState":{"showFog":false,"showMaterialUpdate":false,"showSkybox":false,"showFlares":false,"showImageEffects":false,"showParticleSystems":false},"in2DMode":false,"pivot":{"x":-4.160523891448975,"y":0.6884443163871765,"z":6.2891693115234379},"rotation":{"x":0.21413862705230714,"y":-0.5404332280158997,"z":0.144524946808815,"w":0.8007447719573975},"size":0.45788276195526125,"orthographic":false}