{"cameraMode":{"drawMode":0,"name":"Shaded","section":"Shading Mode"},"sceneLighting":false,"audioPlay":false,"sceneViewState":{"showFog":false,"showMaterialUpdate":false,"showSkybox":false,"showFlares":false,"showImageEffects":false,"showParticleSystems":false},"in2DMode":false,"pivot":{"x":6.130000114440918,"y":6.100000381469727,"z":-0.9910001754760742},"rotation":{"x":0.1570957452058792,"y":-0.6789302229881287,"z":0.152178555727005,"w":0.7008682489395142},"size":40.010372161865237,"orthographic":false}