{"cameraMode":{"drawMode":0,"name":"Shaded","section":"Shading Mode"},"sceneLighting":true,"audioPlay":false,"sceneViewState":{"showFog":false,"showMaterialUpdate":false,"showSkybox":false,"showFlares":false,"showImageEffects":false,"showParticleSystems":false},"in2DMode":false,"pivot":{"x":14.520004272460938,"y":58.25279998779297,"z":-8.745783805847168},"rotation":{"x":0.18168941140174867,"y":-0.6750944256782532,"z":0.17706206440925599,"w":0.6927376985549927},"size":1.2249414920806885,"orthographic":false}