{"cameraMode":{"drawMode":0,"name":"Shaded","section":"Shading Mode"},"sceneLighting":true,"audioPlay":false,"sceneViewState":{"showFog":true,"showMaterialUpdate":false,"showSkybox":false,"showFlares":true,"showImageEffects":true,"showParticleSystems":true},"in2DMode":false,"pivot":{"x":0.4499998092651367,"y":-0.3730001449584961,"z":1.194000244140625},"rotation":{"x":-0.21536500751972199,"y":-0.590548038482666,"z":0.1674569547176361,"w":-0.759494423866272},"size":40.010372161865237,"orthographic":false}