{"cameraMode":{"drawMode":0,"name":"Shaded","section":"Shading Mode"},"sceneLighting":true,"audioPlay":false,"sceneViewState":{"showFog":false,"showMaterialUpdate":false,"showSkybox":false,"showFlares":false,"showImageEffects":false,"showParticleSystems":false},"in2DMode":false,"pivot":{"x":0.19928991794586183,"y":-0.3452240526676178,"z":0.5657830238342285},"rotation":{"x":0.023248063400387765,"y":0.6316141486167908,"z":-0.018954090774059297,"w":0.7747029662132263},"size":1.0636277198791505,"orthographic":false}