{"cameraMode":{"drawMode":0,"name":"Shaded","section":"Shading Mode"},"sceneLighting":true,"audioPlay":false,"sceneViewState":{"showFog":false,"showMaterialUpdate":false,"showSkybox":false,"showFlares":false,"showImageEffects":false,"showParticleSystems":false},"in2DMode":false,"pivot":{"x":-7.329904079437256,"y":33.92185592651367,"z":-4.985284328460693},"rotation":{"x":-0.36859747767448428,"y":-0.6303492188453674,"z":0.5063848495483398,"w":-0.45873987674713137},"size":10.273662567138672,"orthographic":false}