{"cameraMode":{"drawMode":0,"name":"Shaded","section":"Shading Mode"},"sceneLighting":true,"audioPlay":false,"sceneViewState":{"showFog":false,"showMaterialUpdate":false,"showSkybox":false,"showFlares":false,"showImageEffects":false,"showParticleSystems":false},"in2DMode":false,"pivot":{"x":-74.10557556152344,"y":529.5879516601563,"z":148.30740356445313},"rotation":{"x":0.2770979702472687,"y":-0.7107127904891968,"z":0.3727191686630249,"w":0.5283796191215515},"size":74.09700775146485,"orthographic":false}