{"cameraMode":{"drawMode":0,"name":"Shaded","section":"Shading Mode"},"sceneLighting":true,"audioPlay":false,"sceneViewState":{"showFog":false,"showMaterialUpdate":false,"showSkybox":false,"showFlares":false,"showImageEffects":false,"showParticleSystems":false},"in2DMode":false,"pivot":{"x":-16.604705810546876,"y":5.5031633377075199,"z":-9.525186538696289},"rotation":{"x":0.08640541881322861,"y":-0.13408155739307404,"z":0.011736695654690266,"w":0.987127423286438},"size":2.820127487182617,"orthographic":false}