{"cameraMode":{"drawMode":0,"name":"Shaded","section":"Shading Mode"},"sceneLighting":true,"audioPlay":false,"sceneViewState":{"showFog":false,"showMaterialUpdate":false,"showSkybox":false,"showFlares":false,"showImageEffects":false,"showParticleSystems":false},"in2DMode":false,"pivot":{"x":-4.244999885559082,"y":0.4529999792575836,"z":6.869237422943115},"rotation":{"x":0.007387563120573759,"y":0.9923967719078064,"z":0.07575783133506775,"w":-0.0967651829123497},"size":8.0020751953125,"orthographic":false}