{"cameraMode":{"drawMode":0,"name":"Shaded","section":"Shading Mode"},"sceneLighting":true,"audioPlay":false,"sceneViewState":{"showFog":false,"showMaterialUpdate":false,"showSkybox":false,"showFlares":false,"showImageEffects":false,"showParticleSystems":false},"in2DMode":false,"pivot":{"x":-0.49114513397216799,"y":19.02528190612793,"z":8.569307327270508},"rotation":{"x":0.1804562211036682,"y":-0.27844560146331789,"z":0.05338218808174133,"w":0.9418717622756958},"size":12.1095609664917,"orthographic":false}