{"cameraMode":{"drawMode":0,"name":"Shaded","section":"Shading Mode"},"sceneLighting":true,"audioPlay":false,"sceneViewState":{"showFog":false,"showMaterialUpdate":false,"showSkybox":false,"showFlares":false,"showImageEffects":false,"showParticleSystems":false},"in2DMode":false,"pivot":{"x":-4.459306240081787,"y":0.5179473161697388,"z":6.4798078536987309},"rotation":{"x":0.002508724806830287,"y":0.9691852927207947,"z":0.009876706637442112,"w":-0.24613098800182343},"size":0.7441484928131104,"orthographic":false}