{"cameraMode":{"drawMode":0,"name":"Shaded","section":"Shading Mode"},"sceneLighting":false,"audioPlay":false,"sceneViewState":{"showFog":false,"showMaterialUpdate":false,"showSkybox":false,"showFlares":false,"showImageEffects":false,"showParticleSystems":false},"in2DMode":false,"pivot":{"x":-4.487237930297852,"y":0.4923498034477234,"z":6.3057661056518559},"rotation":{"x":-0.22834418714046479,"y":0.6554483771324158,"z":-0.21816189587116242,"w":-0.6860409379005432},"size":0.799419105052948,"orthographic":false}