{"cameraMode":{"drawMode":0,"name":"Shaded","section":"Shading Mode"},"sceneLighting":true,"audioPlay":false,"sceneViewState":{"showFog":false,"showMaterialUpdate":false,"showSkybox":false,"showFlares":false,"showImageEffects":false,"showParticleSystems":false},"in2DMode":false,"pivot":{"x":-4.707111835479736,"y":0.3962756395339966,"z":6.313918590545654},"rotation":{"x":0.027891064062714578,"y":-0.8630951046943665,"z":0.047949858009815219,"w":0.5019953846931458},"size":1.300036907196045,"orthographic":false}