{"cameraMode":{"drawMode":0,"name":"Shaded","section":"Shading Mode"},"sceneLighting":true,"audioPlay":false,"sceneViewState":{"showFog":false,"showMaterialUpdate":false,"showSkybox":false,"showFlares":false,"showImageEffects":false,"showParticleSystems":false},"in2DMode":false,"pivot":{"x":-1.4821867942810059,"y":-0.2556288242340088,"z":-0.9275602698326111},"rotation":{"x":0.024272993206977845,"y":0.8965885043144226,"z":0.0495351180434227,"w":-0.4394209086894989},"size":2.6954877376556398,"orthographic":false}