{"cameraMode":{"drawMode":0,"name":"Shaded","section":"Shading Mode"},"sceneLighting":true,"audioPlay":false,"sceneViewState":{"showFog":false,"showMaterialUpdate":false,"showSkybox":false,"showFlares":false,"showImageEffects":false,"showParticleSystems":false},"in2DMode":false,"pivot":{"x":16.001012802124025,"y":240.32386779785157,"z":-11.927677154541016},"rotation":{"x":-0.4829615652561188,"y":0.516242265701294,"z":-0.47978541254997256,"w":-0.5196640491485596},"size":11.926199913024903,"orthographic":false}