{"cameraMode":{"drawMode":0,"name":"Shaded","section":"Shading Mode"},"sceneLighting":true,"audioPlay":false,"sceneViewState":{"showFog":false,"showMaterialUpdate":false,"showSkybox":false,"showFlares":false,"showImageEffects":false,"showParticleSystems":false},"in2DMode":false,"pivot":{"x":73.87142944335938,"y":20.858522415161134,"z":-1.042902946472168},"rotation":{"x":-0.32789793610572817,"y":0.4909539520740509,"z":-0.20630589127540589,"w":-0.7803115844726563},"size":1.731161117553711,"orthographic":false}