{"cameraMode":{"drawMode":0,"name":"Shaded","section":"Shading Mode"},"sceneLighting":true,"audioPlay":false,"sceneViewState":{"showFog":true,"showMaterialUpdate":false,"showSkybox":false,"showFlares":true,"showImageEffects":true,"showParticleSystems":true},"in2DMode":false,"pivot":{"x":0.05834764242172241,"y":-0.05678647756576538,"z":0.2491975575685501},"rotation":{"x":0.29636916518211367,"y":-0.6539681553840637,"z":0.3113257586956024,"w":0.6225513815879822},"size":1.6541202068328858,"orthographic":false}