{"cameraMode":{"drawMode":0,"name":"Shaded","section":"Shading Mode"},"sceneLighting":true,"audioPlay":false,"sceneViewState":{"showFog":false,"showMaterialUpdate":false,"showSkybox":false,"showFlares":false,"showImageEffects":false,"showParticleSystems":false},"in2DMode":false,"pivot":{"x":0.05328559875488281,"y":-4.5742597579956059,"z":3.1485462188720705},"rotation":{"x":0.5812795162200928,"y":-0.0681602954864502,"z":0.04905346781015396,"w":0.8094151616096497},"size":22.0,"orthographic":false}