{"cameraMode":{"drawMode":0,"name":"Shaded","section":"Shading Mode"},"sceneLighting":true,"audioPlay":false,"sceneViewState":{"showFog":false,"showMaterialUpdate":false,"showSkybox":false,"showFlares":false,"showImageEffects":false,"showParticleSystems":false},"in2DMode":false,"pivot":{"x":-4.244999885559082,"y":0.453000009059906,"z":6.509237289428711},"rotation":{"x":-0.01819034107029438,"y":0.9577321410179138,"z":-0.06215730682015419,"w":-0.28027915954589846},"size":0.5175851583480835,"orthographic":false}