{"cameraMode":{"drawMode":0,"name":"Shaded","section":"Shading Mode"},"sceneLighting":true,"audioPlay":false,"sceneViewState":{"showFog":false,"showMaterialUpdate":false,"showSkybox":false,"showFlares":false,"showImageEffects":false,"showParticleSystems":false},"in2DMode":false,"pivot":{"x":-1.6489869356155396,"y":-0.327350914478302,"z":-0.5348618030548096},"rotation":{"x":-0.01784951239824295,"y":0.8078356385231018,"z":-0.02449057623744011,"w":-0.5886322259902954},"size":2.3954877853393556,"orthographic":false}