{"cameraMode":{"drawMode":0,"name":"Shaded","section":"Shading Mode"},"sceneLighting":true,"audioPlay":false,"sceneViewState":{"showFog":true,"showMaterialUpdate":false,"showSkybox":false,"showFlares":true,"showImageEffects":true,"showParticleSystems":true},"in2DMode":false,"pivot":{"x":-4.306050777435303,"y":0.38466596603393557,"z":6.241062164306641},"rotation":{"x":0.04197581484913826,"y":-0.9300764203071594,"z":0.11244018375873566,"w":0.3472105860710144},"size":0.6869593858718872,"orthographic":false}