{"cameraMode":{"drawMode":0,"name":"Shaded","section":"Shading Mode"},"sceneLighting":true,"audioPlay":false,"sceneViewState":{"showFog":false,"showMaterialUpdate":false,"showSkybox":false,"showFlares":false,"showImageEffects":false,"showParticleSystems":false},"in2DMode":false,"pivot":{"x":-19.684219360351564,"y":2.5158843994140627,"z":17.09668731689453},"rotation":{"x":-0.1879703402519226,"y":0.7639394402503967,"z":-0.2555466592311859,"w":-0.5619285106658936},"size":193.13790893554688,"orthographic":false}