{"cameraMode":{"drawMode":0,"name":"Shaded","section":"Shading Mode"},"sceneLighting":true,"audioPlay":false,"sceneViewState":{"showFog":false,"showMaterialUpdate":false,"showSkybox":false,"showFlares":false,"showImageEffects":false,"showParticleSystems":false},"in2DMode":false,"pivot":{"x":-16.213485717773439,"y":1.4295955896377564,"z":-8.59710693359375},"rotation":{"x":0.04024700075387955,"y":0.8250772953033447,"z":0.05925273150205612,"w":-0.5604754090309143},"size":24.13585090637207,"orthographic":false}