{"cameraMode":{"drawMode":0,"name":"Shaded","section":"Shading Mode"},"sceneLighting":true,"audioPlay":false,"sceneViewState":{"showFog":false,"showMaterialUpdate":false,"showSkybox":false,"showFlares":false,"showImageEffects":false,"showParticleSystems":false},"in2DMode":false,"pivot":{"x":-4.244999885559082,"y":0.453000009059906,"z":6.489237308502197},"rotation":{"x":0.07219955325126648,"y":-0.8747153878211975,"z":0.13757354021072389,"w":0.45905718207359316},"size":1.0104146003723145,"orthographic":false}