{"cameraMode":{"drawMode":0,"name":"Shaded","section":"Shading Mode"},"sceneLighting":true,"audioPlay":false,"sceneViewState":{"showFog":false,"showMaterialUpdate":false,"showSkybox":false,"showFlares":false,"showImageEffects":false,"showParticleSystems":false},"in2DMode":false,"pivot":{"x":-4.3315653800964359,"y":0.40017277002334597,"z":6.688502311706543},"rotation":{"x":-0.0213288776576519,"y":0.952930748462677,"z":-0.06902650743722916,"w":-0.29446181654930117},"size":3.271576166152954,"orthographic":false}