{"cameraMode":{"drawMode":0,"name":"Shaded","section":"Shading Mode"},"sceneLighting":false,"audioPlay":false,"sceneViewState":{"showFog":true,"showMaterialUpdate":false,"showSkybox":true,"showFlares":true,"showImageEffects":true,"showParticleSystems":true},"in2DMode":false,"pivot":{"x":5.945872783660889,"y":13.188238143920899,"z":5.081784725189209},"rotation":{"x":0.1263149082660675,"y":0.6155264973640442,"z":-0.1007893830537796,"w":0.7713741660118103},"size":2.1416659355163576,"orthographic":false}