{"cameraMode":{"drawMode":0,"name":"Shaded","section":"Shading Mode"},"sceneLighting":true,"audioPlay":false,"sceneViewState":{"showFog":false,"showMaterialUpdate":false,"showSkybox":false,"showFlares":false,"showImageEffects":false,"showParticleSystems":false},"in2DMode":false,"pivot":{"x":-4.384895324707031,"y":0.4058481752872467,"z":6.562397003173828},"rotation":{"x":0.18354925513267518,"y":-0.6117494106292725,"z":0.1487331986427307,"w":0.7549506425857544},"size":0.7384154200553894,"orthographic":false}