{"cameraMode":{"drawMode":0,"name":"Shaded","section":"Shading Mode"},"sceneLighting":true,"audioPlay":false,"sceneViewState":{"showFog":false,"showMaterialUpdate":false,"showSkybox":false,"showFlares":false,"showImageEffects":false,"showParticleSystems":false},"in2DMode":false,"pivot":{"x":0.0,"y":0.4200000762939453,"z":-0.7899999618530273},"rotation":{"x":0.013852771371603012,"y":0.9209883213043213,"z":0.03288441523909569,"w":-0.38797375559806826},"size":55.10017395019531,"orthographic":false}