{"cameraMode":{"drawMode":0,"name":"Shaded","section":"Shading Mode"},"sceneLighting":true,"audioPlay":false,"sceneViewState":{"showFog":false,"showMaterialUpdate":false,"showSkybox":false,"showFlares":false,"showImageEffects":false,"showParticleSystems":false},"in2DMode":false,"pivot":{"x":0.5423061847686768,"y":19.833728790283204,"z":2.867680549621582},"rotation":{"x":0.06652567535638809,"y":-0.922160267829895,"z":0.18388274312019349,"w":0.3338494896888733},"size":6.061396598815918,"orthographic":false}