{"cameraMode":{"drawMode":0,"name":"Shaded","section":"Shading Mode"},"sceneLighting":true,"audioPlay":false,"sceneViewState":{"showFog":false,"showMaterialUpdate":false,"showSkybox":false,"showFlares":false,"showImageEffects":false,"showParticleSystems":false},"in2DMode":false,"pivot":{"x":2.578465461730957,"y":19.32988166809082,"z":-4.642581462860107},"rotation":{"x":-0.024666965007781984,"y":0.970730721950531,"z":-0.11441472172737122,"w":-0.2098984569311142},"size":13.9465913772583,"orthographic":false}