{"cameraMode":{"drawMode":0,"name":"Shaded","section":"Shading Mode"},"sceneLighting":true,"audioPlay":false,"sceneViewState":{"showFog":false,"showMaterialUpdate":false,"showSkybox":false,"showFlares":false,"showImageEffects":false,"showParticleSystems":false},"in2DMode":false,"pivot":{"x":10.705394744873047,"y":8.25674057006836,"z":-1.8441715240478516},"rotation":{"x":-0.09254811704158783,"y":0.8084480166435242,"z":-0.5660401582717896,"w":-0.13242162764072419},"size":21.42047119140625,"orthographic":false}