{"cameraMode":{"drawMode":0,"name":"Shaded","section":"Shading Mode"},"sceneLighting":true,"audioPlay":false,"sceneViewState":{"showFog":false,"showMaterialUpdate":false,"showSkybox":false,"showFlares":false,"showImageEffects":false,"showParticleSystems":false},"in2DMode":false,"pivot":{"x":-4.237019062042236,"y":0.46199578046798708,"z":6.469305515289307},"rotation":{"x":0.1319471299648285,"y":-0.8201440572738648,"z":0.20985417068004609,"w":0.5156707763671875},"size":0.4251216650009155,"orthographic":false}