{"cameraMode":{"drawMode":0,"name":"Shaded","section":"Shading Mode"},"sceneLighting":true,"audioPlay":false,"sceneViewState":{"showFog":false,"showMaterialUpdate":false,"showSkybox":false,"showFlares":false,"showImageEffects":false,"showParticleSystems":false},"in2DMode":false,"pivot":{"x":24.08991241455078,"y":8.790502548217774,"z":9.163808822631836},"rotation":{"x":0.18168941140174867,"y":-0.6750944256782532,"z":0.17706206440925599,"w":0.6927376985549927},"size":1.5648303031921387,"orthographic":false}