{"cameraMode":{"drawMode":0,"name":"Shaded","section":"Shading Mode"},"sceneLighting":true,"audioPlay":false,"sceneViewState":{"showFog":false,"showMaterialUpdate":false,"showSkybox":false,"showFlares":false,"showImageEffects":false,"showParticleSystems":false},"in2DMode":false,"pivot":{"x":-12.166518211364746,"y":6.4093451499938969,"z":-11.86001205444336},"rotation":{"x":0.013852771371603012,"y":0.9209883213043213,"z":0.03288441523909569,"w":-0.38797375559806826},"size":28.833459854125978,"orthographic":false}