{"cameraMode":{"drawMode":0,"name":"Shaded","section":"Shading Mode"},"sceneLighting":true,"audioPlay":false,"sceneViewState":{"showFog":false,"showMaterialUpdate":false,"showSkybox":false,"showFlares":false,"showImageEffects":false,"showParticleSystems":false},"in2DMode":false,"pivot":{"x":-26.06342315673828,"y":8.713598251342774,"z":-3.0807414054870607},"rotation":{"x":0.6183553338050842,"y":-0.03650662302970886,"z":0.028774291276931764,"w":0.7845227122306824},"size":16.644521713256837,"orthographic":false}