{"cameraMode":{"drawMode":0,"name":"Shaded","section":"Shading Mode"},"sceneLighting":true,"audioPlay":false,"sceneViewState":{"showFog":false,"showMaterialUpdate":false,"showSkybox":false,"showFlares":false,"showImageEffects":false,"showParticleSystems":false},"in2DMode":false,"pivot":{"x":0.0,"y":-0.06999999284744263,"z":0.1966637372970581},"rotation":{"x":-0.062165889889001849,"y":0.9378207325935364,"z":-0.2387758195400238,"w":-0.24416454136371613},"size":3.0889511108398439,"orthographic":false}