{"cameraMode":{"drawMode":0,"name":"Shaded","section":"Shading Mode"},"sceneLighting":false,"audioPlay":false,"sceneViewState":{"showFog":true,"showMaterialUpdate":false,"showSkybox":false,"showFlares":true,"showImageEffects":true,"showParticleSystems":true},"in2DMode":false,"pivot":{"x":6.030000686645508,"y":6.100000381469727,"z":-0.9910001754760742},"rotation":{"x":0.022037839516997339,"y":0.9592983722686768,"z":-0.2704675495624542,"w":0.07816428691148758},"size":1.9842934608459473,"orthographic":false}