{"cameraMode":{"drawMode":0,"name":"Shaded","section":"Shading Mode"},"sceneLighting":true,"audioPlay":false,"sceneViewState":{"showFog":false,"showMaterialUpdate":false,"showSkybox":false,"showFlares":false,"showImageEffects":false,"showParticleSystems":false},"in2DMode":false,"pivot":{"x":194.1526336669922,"y":60.18567657470703,"z":-111.30372619628906},"rotation":{"x":0.0684565082192421,"y":-0.8525364995002747,"z":-0.11552487313747406,"w":-0.5051352381706238},"size":257.40826416015627,"orthographic":false}