{"cameraMode":{"drawMode":0,"name":"Shaded","section":"Shading Mode"},"sceneLighting":true,"audioPlay":false,"sceneViewState":{"showFog":false,"showMaterialUpdate":false,"showSkybox":false,"showFlares":false,"showImageEffects":false,"showParticleSystems":false},"in2DMode":false,"pivot":{"x":0.4499998092651367,"y":-0.315000057220459,"z":1.194000244140625},"rotation":{"x":0.5812795162200928,"y":-0.0681602954864502,"z":0.04905346781015396,"w":0.8094151616096497},"size":40.010372161865237,"orthographic":false}