{"cameraMode":{"drawMode":0,"name":"Shaded","section":"Shading Mode"},"sceneLighting":true,"audioPlay":false,"sceneViewState":{"showFog":false,"showMaterialUpdate":false,"showSkybox":false,"showFlares":false,"showImageEffects":false,"showParticleSystems":false},"in2DMode":false,"pivot":{"x":0.7618446350097656,"y":-0.09159433841705322,"z":1.212852120399475},"rotation":{"x":-0.17548447847366334,"y":-0.43265500664711,"z":0.08626683801412583,"w":-0.8800996541976929},"size":5.20493745803833,"orthographic":false}