{"cameraMode":{"drawMode":0,"name":"Shaded","section":"Shading Mode"},"sceneLighting":false,"audioPlay":false,"sceneViewState":{"showFog":true,"showMaterialUpdate":false,"showSkybox":false,"showFlares":true,"showImageEffects":true,"showParticleSystems":true},"in2DMode":false,"pivot":{"x":3.725290298461914e-9,"y":3.725290298461914e-9,"z":0.2499999701976776},"rotation":{"x":-0.31862667202949526,"y":0.6115548610687256,"z":-0.2945181727409363,"w":-0.6616191267967224},"size":0.8332092761993408,"orthographic":false}