{"cameraMode":{"drawMode":0,"name":"Shaded","section":"Shading Mode"},"sceneLighting":true,"audioPlay":false,"sceneViewState":{"showFog":false,"showMaterialUpdate":false,"showSkybox":false,"showFlares":false,"showImageEffects":false,"showParticleSystems":false},"in2DMode":false,"pivot":{"x":-4.421944618225098,"y":0.428876668214798,"z":6.733540058135986},"rotation":{"x":-0.0269809290766716,"y":0.8664426207542419,"z":-0.0471026636660099,"w":-0.4963211119174957},"size":0.6459182500839233,"orthographic":false}