{"cameraMode":{"drawMode":0,"name":"Shaded","section":"Shading Mode"},"sceneLighting":true,"audioPlay":false,"sceneViewState":{"showFog":false,"showMaterialUpdate":false,"showSkybox":false,"showFlares":false,"showImageEffects":false,"showParticleSystems":false},"in2DMode":false,"pivot":{"x":17.148941040039064,"y":5.429594993591309,"z":-2.034600257873535},"rotation":{"x":0.02162681519985199,"y":0.9660006761550903,"z":-0.08601599931716919,"w":0.24285763502120973},"size":8.269143104553223,"orthographic":false}