{"cameraMode":{"drawMode":0,"name":"Shaded","section":"Shading Mode"},"sceneLighting":false,"audioPlay":false,"sceneViewState":{"showFog":false,"showMaterialUpdate":false,"showSkybox":false,"showFlares":false,"showImageEffects":false,"showParticleSystems":false},"in2DMode":false,"pivot":{"x":-4.244999885559082,"y":0.453000009059906,"z":6.489237308502197},"rotation":{"x":-0.04607364162802696,"y":-0.6198372840881348,"z":0.036493998020887378,"w":-0.7825273275375366},"size":0.7144709229469299,"orthographic":false}