{"cameraMode":{"drawMode":0,"name":"Shaded","section":"Shading Mode"},"sceneLighting":true,"audioPlay":false,"sceneViewState":{"showFog":false,"showMaterialUpdate":false,"showSkybox":false,"showFlares":false,"showImageEffects":false,"showParticleSystems":false},"in2DMode":false,"pivot":{"x":3.7406177520751955,"y":-1.2465877532958985,"z":-0.8310887813568115},"rotation":{"x":-0.05984529107809067,"y":-0.791954517364502,"z":0.07866121828556061,"w":-0.6025320887565613},"size":4.67392635345459,"orthographic":false}