{"cameraMode":{"drawMode":0,"name":"Shaded","section":"Shading Mode"},"sceneLighting":true,"audioPlay":false,"sceneViewState":{"showFog":true,"showMaterialUpdate":false,"showSkybox":false,"showFlares":true,"showImageEffects":true,"showParticleSystems":true},"in2DMode":false,"pivot":{"x":-1.6986522674560547,"y":27.411409378051759,"z":-7.59398078918457},"rotation":{"x":0.0035289800725877287,"y":-0.9933121204376221,"z":0.1110241487622261,"w":0.031590305268764499},"size":18.930007934570314,"orthographic":false}