{"cameraMode":{"drawMode":0,"name":"Shaded","section":"Shading Mode"},"sceneLighting":false,"audioPlay":false,"sceneViewState":{"showFog":true,"showMaterialUpdate":false,"showSkybox":false,"showFlares":true,"showImageEffects":true,"showParticleSystems":true},"in2DMode":false,"pivot":{"x":0.0022264420986175539,"y":0.07703626155853272,"z":-0.017817774787545205},"rotation":{"x":-0.31862667202949526,"y":0.6115548610687256,"z":-0.2945181727409363,"w":-0.6616191267967224},"size":0.5147305727005005,"orthographic":false}