{"cameraMode":{"drawMode":0,"name":"Shaded","section":"Shading Mode"},"sceneLighting":true,"audioPlay":false,"sceneViewState":{"showFog":false,"showMaterialUpdate":false,"showSkybox":false,"showFlares":false,"showImageEffects":false,"showParticleSystems":false},"in2DMode":false,"pivot":{"x":4.923449516296387,"y":14.977302551269532,"z":-1.8140602111816407},"rotation":{"x":0.16209182143211366,"y":-0.6915826797485352,"z":0.1637543886899948,"w":0.6845614314079285},"size":4.189549446105957,"orthographic":false}