{"cameraMode":{"drawMode":0,"name":"Shaded","section":"Shading Mode"},"sceneLighting":true,"audioPlay":false,"sceneViewState":{"showFog":true,"showMaterialUpdate":false,"showSkybox":false,"showFlares":true,"showImageEffects":true,"showParticleSystems":true},"in2DMode":false,"pivot":{"x":0.4499998092651367,"y":-0.3819999694824219,"z":1.2069997787475587},"rotation":{"x":-0.2327595204114914,"y":-0.35008299350738528,"z":0.09024864435195923,"w":-0.9028490781784058},"size":1.87300443649292,"orthographic":false}