{"cameraMode":{"drawMode":0,"name":"Shaded","section":"Shading Mode"},"sceneLighting":false,"audioPlay":false,"sceneViewState":{"showFog":false,"showMaterialUpdate":false,"showSkybox":false,"showFlares":false,"showImageEffects":false,"showParticleSystems":false},"in2DMode":false,"pivot":{"x":9.323890686035157,"y":19.2680721282959,"z":0.25779303908348086},"rotation":{"x":0.4804733991622925,"y":0.5062171816825867,"z":-0.417929470539093,"w":0.5816494226455689},"size":21.889724731445314,"orthographic":false}