{"cameraMode":{"drawMode":0,"name":"Shaded","section":"Shading Mode"},"sceneLighting":false,"audioPlay":false,"sceneViewState":{"showFog":false,"showMaterialUpdate":false,"showSkybox":false,"showFlares":false,"showImageEffects":false,"showParticleSystems":false},"in2DMode":false,"pivot":{"x":6.03000020980835,"y":6.099999904632568,"z":0.009000182151794434},"rotation":{"x":-0.20348981022834779,"y":0.7964977025985718,"z":-0.39990493655204775,"w":-0.4052946865558624},"size":4.096983909606934,"orthographic":false}