{"cameraMode":{"drawMode":0,"name":"Shaded","section":"Shading Mode"},"sceneLighting":true,"audioPlay":false,"sceneViewState":{"showFog":false,"showMaterialUpdate":false,"showSkybox":false,"showFlares":false,"showImageEffects":false,"showParticleSystems":false},"in2DMode":false,"pivot":{"x":1.2016000747680665,"y":-0.6371544599533081,"z":1.0512607097625733},"rotation":{"x":0.1017737090587616,"y":0.5431170463562012,"z":-0.06639135628938675,"w":0.8308783769607544},"size":1.4268064498901368,"orthographic":false}