{"cameraMode":{"drawMode":0,"name":"Shaded","section":"Shading Mode"},"sceneLighting":false,"audioPlay":false,"sceneViewState":{"showFog":false,"showMaterialUpdate":false,"showSkybox":false,"showFlares":false,"showImageEffects":false,"showParticleSystems":false},"in2DMode":false,"pivot":{"x":-0.2711479663848877,"y":-0.2603635787963867,"z":0.05499768257141113},"rotation":{"x":0.49210673570632937,"y":-0.02844744175672531,"z":0.016092782840132715,"w":0.8699226975440979},"size":11.431534767150879,"orthographic":false}