{"cameraMode":{"drawMode":0,"name":"Shaded","section":"Shading Mode"},"sceneLighting":true,"audioPlay":false,"sceneViewState":{"showFog":false,"showMaterialUpdate":false,"showSkybox":false,"showFlares":false,"showImageEffects":false,"showParticleSystems":false},"in2DMode":false,"pivot":{"x":-4.244999885559082,"y":0.4530000686645508,"z":6.239236831665039},"rotation":{"x":-0.08001259714365006,"y":0.7930349707603455,"z":-0.10675513744354248,"w":-0.5944002270698547},"size":40.010372161865237,"orthographic":false}