{"cameraMode":{"drawMode":0,"name":"Shaded","section":"Shading Mode"},"sceneLighting":true,"audioPlay":false,"sceneViewState":{"showFog":true,"showMaterialUpdate":false,"showSkybox":false,"showFlares":true,"showImageEffects":true,"showParticleSystems":true},"in2DMode":false,"pivot":{"x":2.1624863147735597,"y":16.45466423034668,"z":0.5761799812316895},"rotation":{"x":-0.00482272868975997,"y":0.9911099672317505,"z":-0.0374918095767498,"w":-0.12762993574142457},"size":8.23471736907959,"orthographic":false}