{"cameraMode":{"drawMode":0,"name":"Shaded","section":"Shading Mode"},"sceneLighting":false,"audioPlay":false,"sceneViewState":{"showFog":false,"showMaterialUpdate":false,"showSkybox":false,"showFlares":false,"showImageEffects":false,"showParticleSystems":false},"in2DMode":false,"pivot":{"x":-4.51642370223999,"y":0.3591511845588684,"z":6.534051895141602},"rotation":{"x":-0.14042413234710694,"y":0.6599432826042175,"z":-0.12747442722320558,"w":-0.7269853949546814},"size":2.017585039138794,"orthographic":false}