{"cameraMode":{"drawMode":0,"name":"Shaded","section":"Shading Mode"},"sceneLighting":true,"audioPlay":false,"sceneViewState":{"showFog":false,"showMaterialUpdate":false,"showSkybox":false,"showFlares":false,"showImageEffects":false,"showParticleSystems":false},"in2DMode":false,"pivot":{"x":-4.244999885559082,"y":0.4530000686645508,"z":6.789237976074219},"rotation":{"x":-0.0269809290766716,"y":0.8664426207542419,"z":-0.0471026636660099,"w":-0.4963211119174957},"size":0.5612128973007202,"orthographic":false}