{"cameraMode":{"drawMode":0,"name":"Shaded","section":"Shading Mode"},"sceneLighting":true,"audioPlay":false,"sceneViewState":{"showFog":false,"showMaterialUpdate":false,"showSkybox":false,"showFlares":false,"showImageEffects":false,"showParticleSystems":false},"in2DMode":false,"pivot":{"x":0.15000343322753907,"y":-29.040000915527345,"z":3.1999988555908205},"rotation":{"x":-0.14383667707443238,"y":-0.332531213760376,"z":0.05130688101053238,"w":-0.930683970451355},"size":50.39735794067383,"orthographic":false}