{"cameraMode":{"drawMode":0,"name":"Shaded","section":"Shading Mode"},"sceneLighting":true,"audioPlay":false,"sceneViewState":{"showFog":false,"showMaterialUpdate":false,"showSkybox":false,"showFlares":false,"showImageEffects":false,"showParticleSystems":false},"in2DMode":false,"pivot":{"x":194.45204162597657,"y":-24.111454010009767,"z":-140.12229919433595},"rotation":{"x":-0.023853661492466928,"y":-0.8840301632881165,"z":0.04540262743830681,"w":-0.4646204710006714},"size":257.40826416015627,"orthographic":false}