{"cameraMode":{"drawMode":0,"name":"Shaded","section":"Shading Mode"},"sceneLighting":false,"audioPlay":false,"sceneViewState":{"showFog":true,"showMaterialUpdate":false,"showSkybox":true,"showFlares":true,"showImageEffects":true,"showParticleSystems":true},"in2DMode":false,"pivot":{"x":-3.099522829055786,"y":-3.8474738597869875,"z":6.556183815002441},"rotation":{"x":-0.24888788163661958,"y":0.21767975389957429,"z":-0.0575144998729229,"w":-0.9420004487037659},"size":96.90447998046875,"orthographic":false}