{"cameraMode":{"drawMode":0,"name":"Shaded","section":"Shading Mode"},"sceneLighting":true,"audioPlay":false,"sceneViewState":{"showFog":false,"showMaterialUpdate":false,"showSkybox":false,"showFlares":false,"showImageEffects":false,"showParticleSystems":false},"in2DMode":false,"pivot":{"x":1.0312687158584595,"y":-93.56719970703125,"z":57.43645095825195},"rotation":{"x":0.024954311549663545,"y":0.6964235305786133,"z":-0.716791570186615,"w":0.02424722909927368},"size":651.96923828125,"orthographic":false}