{"cameraMode":{"drawMode":0,"name":"Shaded","section":"Shading Mode"},"sceneLighting":true,"audioPlay":false,"sceneViewState":{"showFog":false,"showMaterialUpdate":false,"showSkybox":false,"showFlares":false,"showImageEffects":false,"showParticleSystems":false},"in2DMode":false,"pivot":{"x":1.0841116905212403,"y":-0.5000499486923218,"z":0.6409389972686768},"rotation":{"x":0.05849691480398178,"y":0.7019506692886353,"z":-0.05804279074072838,"w":0.7074454426765442},"size":1.6273348331451417,"orthographic":false}