{"cameraMode":{"drawMode":0,"name":"Shaded","section":"Shading Mode"},"sceneLighting":true,"audioPlay":false,"sceneViewState":{"showFog":false,"showMaterialUpdate":false,"showSkybox":false,"showFlares":false,"showImageEffects":false,"showParticleSystems":false},"in2DMode":false,"pivot":{"x":-5.044609069824219,"y":0.5122967958450317,"z":5.728269577026367},"rotation":{"x":-0.1430729478597641,"y":-0.8040347695350647,"z":0.21475312113761903,"w":-0.535676121711731},"size":2.8969831466674806,"orthographic":false}