{"cameraMode":{"drawMode":0,"name":"Shaded","section":"Shading Mode"},"sceneLighting":true,"audioPlay":false,"sceneViewState":{"showFog":false,"showMaterialUpdate":false,"showSkybox":false,"showFlares":false,"showImageEffects":false,"showParticleSystems":false},"in2DMode":false,"pivot":{"x":-15.687467575073243,"y":10.889842987060547,"z":-7.537239074707031},"rotation":{"x":0.21203960478305818,"y":-0.4058060944080353,"z":0.09737425297498703,"w":0.883673369884491},"size":1.7010061740875245,"orthographic":false}