{"cameraMode":{"drawMode":0,"name":"Shaded","section":"Shading Mode"},"sceneLighting":true,"audioPlay":false,"sceneViewState":{"showFog":false,"showMaterialUpdate":false,"showSkybox":false,"showFlares":false,"showImageEffects":false,"showParticleSystems":false},"in2DMode":false,"pivot":{"x":0.302198588848114,"y":-0.9000892639160156,"z":2.4171488285064699},"rotation":{"x":0.1700388789176941,"y":0.03842092677950859,"z":-0.00663544749841094,"w":0.9846681356430054},"size":3.2351434230804445,"orthographic":false}