{"cameraMode":{"drawMode":0,"name":"Shaded","section":"Shading Mode"},"sceneLighting":true,"audioPlay":false,"sceneViewState":{"showFog":false,"showMaterialUpdate":false,"showSkybox":false,"showFlares":false,"showImageEffects":false,"showParticleSystems":false},"in2DMode":false,"pivot":{"x":818.9511108398438,"y":776.199462890625,"z":365.30859375},"rotation":{"x":-0.03478982299566269,"y":0.02757669799029827,"z":-0.0009613262373022735,"w":-0.9990148544311523},"size":2216.954833984375,"orthographic":false}