{"cameraMode":{"drawMode":0,"name":"Shaded","section":"Shading Mode"},"sceneLighting":true,"audioPlay":false,"sceneViewState":{"showFog":false,"showMaterialUpdate":false,"showSkybox":false,"showFlares":false,"showImageEffects":false,"showParticleSystems":false},"in2DMode":false,"pivot":{"x":-30.276615142822267,"y":-11.118488311767579,"z":-12.141608238220215},"rotation":{"x":-0.10339006781578064,"y":0.80687415599823,"z":-0.14833323657512666,"w":-0.5623771548271179},"size":44.785343170166019,"orthographic":false}