{"cameraMode":{"drawMode":0,"name":"Shaded","section":"Shading Mode"},"sceneLighting":true,"audioPlay":false,"sceneViewState":{"showFog":false,"showMaterialUpdate":false,"showSkybox":false,"showFlares":false,"showImageEffects":false,"showParticleSystems":false},"in2DMode":false,"pivot":{"x":-20.07811737060547,"y":12.761632919311524,"z":-8.949999809265137},"rotation":{"x":-0.18354976177215577,"y":0.8039788603782654,"z":-0.4708593785762787,"w":-0.31340670585632326},"size":16.782278060913087,"orthographic":false}