{"cameraMode":{"drawMode":0,"name":"Shaded","section":"Shading Mode"},"sceneLighting":true,"audioPlay":false,"sceneViewState":{"showFog":false,"showMaterialUpdate":false,"showSkybox":false,"showFlares":false,"showImageEffects":false,"showParticleSystems":false},"in2DMode":false,"pivot":{"x":8.056812286376954,"y":9.20608139038086,"z":24.802932739257814},"rotation":{"x":0.10896822810173035,"y":0.19287019968032838,"z":-0.021556776016950609,"w":0.974917471408844},"size":1.9711613655090333,"orthographic":false}