{"cameraMode":{"drawMode":0,"name":"Shaded","section":"Shading Mode"},"sceneLighting":true,"audioPlay":false,"sceneViewState":{"showFog":false,"showMaterialUpdate":false,"showSkybox":false,"showFlares":false,"showImageEffects":false,"showParticleSystems":false},"in2DMode":false,"pivot":{"x":6.6087751388549809,"y":28.166122436523439,"z":-10.379766464233399},"rotation":{"x":0.3456905484199524,"y":-0.5884041786193848,"z":0.3066035211086273,"w":0.6635828614234924},"size":20.524328231811525,"orthographic":false}