{"cameraMode":{"drawMode":0,"name":"Shaded","section":"Shading Mode"},"sceneLighting":true,"audioPlay":false,"sceneViewState":{"showFog":true,"showMaterialUpdate":false,"showSkybox":false,"showFlares":true,"showImageEffects":true,"showParticleSystems":true},"in2DMode":false,"pivot":{"x":-0.12677860260009767,"y":17.994157791137697,"z":0.6688780784606934},"rotation":{"x":0.10375909507274628,"y":-0.15924029052257539,"z":0.016833290457725526,"w":0.9816340208053589},"size":9.3157377243042,"orthographic":false}