{"cameraMode":{"drawMode":0,"name":"Shaded","section":"Shading Mode"},"sceneLighting":true,"audioPlay":false,"sceneViewState":{"showFog":false,"showMaterialUpdate":false,"showSkybox":false,"showFlares":false,"showImageEffects":false,"showParticleSystems":false},"in2DMode":false,"pivot":{"x":0.7190438508987427,"y":-1.2047754526138306,"z":1.1055989265441895},"rotation":{"x":0.0044515300542116169,"y":0.14646966755390168,"z":-0.0006591155542992055,"w":0.9892048835754395},"size":6.803123950958252,"orthographic":false}