{"cameraMode":{"drawMode":0,"name":"Shaded","section":"Shading Mode"},"sceneLighting":true,"audioPlay":false,"sceneViewState":{"showFog":true,"showMaterialUpdate":false,"showSkybox":false,"showFlares":true,"showImageEffects":true,"showParticleSystems":true},"in2DMode":false,"pivot":{"x":0.4499998092651367,"y":-0.3920001983642578,"z":1.025899887084961},"rotation":{"x":-0.21150675415992738,"y":-0.2285996526479721,"z":0.05095072463154793,"w":-0.9489054083824158},"size":40.010372161865237,"orthographic":false}