{"cameraMode":{"drawMode":0,"name":"Shaded","section":"Shading Mode"},"sceneLighting":true,"audioPlay":false,"sceneViewState":{"showFog":false,"showMaterialUpdate":false,"showSkybox":false,"showFlares":false,"showImageEffects":false,"showParticleSystems":false},"in2DMode":false,"pivot":{"x":-9.56879997253418,"y":-9.65936279296875,"z":60.05906295776367},"rotation":{"x":0.20351777970790864,"y":-0.14624446630477906,"z":0.030756769701838495,"w":0.9676022529602051},"size":107.50311279296875,"orthographic":false}