{"cameraMode":{"drawMode":0,"name":"Shaded","section":"Shading Mode"},"sceneLighting":true,"audioPlay":false,"sceneViewState":{"showFog":true,"showMaterialUpdate":false,"showSkybox":false,"showFlares":true,"showImageEffects":true,"showParticleSystems":true},"in2DMode":false,"pivot":{"x":0.5830867886543274,"y":-0.060689836740493777,"z":0.5232210755348206},"rotation":{"x":-0.14988809823989869,"y":-0.34717869758605959,"z":0.0563138984143734,"w":-0.9240307807922363},"size":1.4573652744293213,"orthographic":false}