{"cameraMode":{"drawMode":0,"name":"Shaded","section":"Shading Mode"},"sceneLighting":false,"audioPlay":false,"sceneViewState":{"showFog":false,"showMaterialUpdate":false,"showSkybox":false,"showFlares":false,"showImageEffects":false,"showParticleSystems":false},"in2DMode":false,"pivot":{"x":-3.6145734786987306,"y":0.2499830424785614,"z":6.466854095458984},"rotation":{"x":0.1762930452823639,"y":0.48468515276908877,"z":-0.10042781382799149,"w":0.8508351445198059},"size":1.0597620010375977,"orthographic":false}