{"cameraMode":{"drawMode":0,"name":"Shaded","section":"Shading Mode"},"sceneLighting":true,"audioPlay":false,"sceneViewState":{"showFog":false,"showMaterialUpdate":false,"showSkybox":false,"showFlares":false,"showImageEffects":false,"showParticleSystems":false},"in2DMode":false,"pivot":{"x":5.018656253814697,"y":22.62393569946289,"z":4.247479438781738},"rotation":{"x":-0.07692167907953263,"y":0.9217906594276428,"z":-0.2930542528629303,"w":-0.24202032387256623},"size":7.852184772491455,"orthographic":false}