{"cameraMode":{"drawMode":0,"name":"Shaded","section":"Shading Mode"},"sceneLighting":true,"audioPlay":false,"sceneViewState":{"showFog":false,"showMaterialUpdate":false,"showSkybox":false,"showFlares":false,"showImageEffects":false,"showParticleSystems":false},"in2DMode":false,"pivot":{"x":28.826187133789064,"y":-5.73158073425293,"z":-12.10289192199707},"rotation":{"x":0.09381076693534851,"y":0.7882944345474243,"z":-0.12423503398895264,"w":0.5952954888343811},"size":72.39698791503906,"orthographic":false}