{"cameraMode":{"drawMode":0,"name":"Shaded","section":"Shading Mode"},"sceneLighting":true,"audioPlay":false,"sceneViewState":{"showFog":false,"showMaterialUpdate":false,"showSkybox":false,"showFlares":false,"showImageEffects":false,"showParticleSystems":false},"in2DMode":false,"pivot":{"x":1.1640970706939698,"y":-0.5701919794082642,"z":0.4012192487716675},"rotation":{"x":-0.04494098201394081,"y":-0.8288393616676331,"z":0.06728307157754898,"w":-0.5536196827888489},"size":1.7970569133758546,"orthographic":false}