{"cameraMode":{"drawMode":0,"name":"Shaded","section":"Shading Mode"},"sceneLighting":true,"audioPlay":false,"sceneViewState":{"showFog":false,"showMaterialUpdate":false,"showSkybox":false,"showFlares":false,"showImageEffects":false,"showParticleSystems":false},"in2DMode":false,"pivot":{"x":3.0559213161468508,"y":-0.6257789731025696,"z":1.8696377277374268},"rotation":{"x":-0.04619142785668373,"y":-0.4738587439060211,"z":0.02490117959678173,"w":-0.8790393471717835},"size":4.373926162719727,"orthographic":false}