{"cameraMode":{"drawMode":0,"name":"Shaded","section":"Shading Mode"},"sceneLighting":true,"audioPlay":false,"sceneViewState":{"showFog":false,"showMaterialUpdate":false,"showSkybox":false,"showFlares":false,"showImageEffects":false,"showParticleSystems":false},"in2DMode":false,"pivot":{"x":-284.7252197265625,"y":377.022216796875,"z":-500.4234619140625},"rotation":{"x":-0.5291635394096375,"y":0.288825660943985,"z":-0.19772951304912568,"w":-0.7729629278182983},"size":579.8740844726563,"orthographic":false}