{"cameraMode":{"drawMode":0,"name":"Shaded","section":"Shading Mode"},"sceneLighting":true,"audioPlay":false,"sceneViewState":{"showFog":false,"showMaterialUpdate":false,"showSkybox":false,"showFlares":false,"showImageEffects":false,"showParticleSystems":false},"in2DMode":false,"pivot":{"x":276.0920104980469,"y":304.24169921875,"z":223.56396484375},"rotation":{"x":0.09615951776504517,"y":-0.005977545399218798,"z":0.0005743560031987727,"w":0.9953511953353882},"size":880.8096313476563,"orthographic":false}