{"cameraMode":{"drawMode":0,"name":"Shaded","section":"Shading Mode"},"sceneLighting":true,"audioPlay":false,"sceneViewState":{"showFog":false,"showMaterialUpdate":false,"showSkybox":false,"showFlares":false,"showImageEffects":false,"showParticleSystems":false},"in2DMode":false,"pivot":{"x":3.5730154514312746,"y":11.58664321899414,"z":8.550472259521485},"rotation":{"x":0.5812795162200928,"y":-0.0681602954864502,"z":0.04905346781015396,"w":0.8094151616096497},"size":56.1911735534668,"orthographic":false}