{"cameraMode":{"drawMode":0,"name":"Shaded","section":"Shading Mode"},"sceneLighting":true,"audioPlay":false,"sceneViewState":{"showFog":true,"showMaterialUpdate":false,"showSkybox":false,"showFlares":true,"showImageEffects":true,"showParticleSystems":true},"in2DMode":false,"pivot":{"x":-4.244999885559082,"y":0.453000009059906,"z":6.489237308502197},"rotation":{"x":0.11912281811237335,"y":0.8264333009719849,"z":-0.5161873698234558,"w":0.1907157003879547},"size":0.5715764164924622,"orthographic":false}