{"cameraMode":{"drawMode":0,"name":"Shaded","section":"Shading Mode"},"sceneLighting":true,"audioPlay":false,"sceneViewState":{"showFog":true,"showMaterialUpdate":false,"showSkybox":false,"showFlares":true,"showImageEffects":true,"showParticleSystems":true},"in2DMode":false,"pivot":{"x":0.3519885838031769,"y":-0.2834968566894531,"z":0.531261682510376},"rotation":{"x":-0.21150675415992738,"y":-0.2285996526479721,"z":0.05095072463154793,"w":-0.9489054083824158},"size":1.4076025485992432,"orthographic":false}