{"cameraMode":{"drawMode":0,"name":"Shaded","section":"Shading Mode"},"sceneLighting":true,"audioPlay":false,"sceneViewState":{"showFog":true,"showMaterialUpdate":false,"showSkybox":false,"showFlares":true,"showImageEffects":true,"showParticleSystems":true},"in2DMode":false,"pivot":{"x":1.2261996269226075,"y":-0.3986125886440277,"z":1.1160670518875123},"rotation":{"x":0.07787242531776428,"y":0.5839988589286804,"z":-0.05641753971576691,"w":0.8060447573661804},"size":1.211242437362671,"orthographic":false}