{"cameraMode":{"drawMode":0,"name":"Shaded","section":"Shading Mode"},"sceneLighting":true,"audioPlay":false,"sceneViewState":{"showFog":false,"showMaterialUpdate":false,"showSkybox":false,"showFlares":false,"showImageEffects":false,"showParticleSystems":false},"in2DMode":false,"pivot":{"x":0.3299560546875,"y":36.94535827636719,"z":-5.938880443572998},"rotation":{"x":0.16179458796977998,"y":-0.5756370425224304,"z":0.11749861389398575,"w":0.7929233312606812},"size":20.524328231811525,"orthographic":false}