{"cameraMode":{"drawMode":0,"name":"Shaded","section":"Shading Mode"},"sceneLighting":true,"audioPlay":false,"sceneViewState":{"showFog":false,"showMaterialUpdate":false,"showSkybox":false,"showFlares":false,"showImageEffects":false,"showParticleSystems":false},"in2DMode":false,"pivot":{"x":-12.473888397216797,"y":1.8195736408233643,"z":-12.014959335327149},"rotation":{"x":0.013852771371603012,"y":0.9209883213043213,"z":0.03288441523909569,"w":-0.38797375559806826},"size":26.457239151000978,"orthographic":false}