{"cameraMode":{"drawMode":0,"name":"Shaded","section":"Shading Mode"},"sceneLighting":true,"audioPlay":false,"sceneViewState":{"showFog":false,"showMaterialUpdate":false,"showSkybox":false,"showFlares":false,"showImageEffects":false,"showParticleSystems":false},"in2DMode":false,"pivot":{"x":-4.342373371124268,"y":0.4427955448627472,"z":6.733184814453125},"rotation":{"x":0.01643160916864872,"y":0.9118687510490418,"z":0.40851831436157229,"w":-0.03667618706822395},"size":0.5273782014846802,"orthographic":false}