{"cameraMode":{"drawMode":0,"name":"Shaded","section":"Shading Mode"},"sceneLighting":true,"audioPlay":false,"sceneViewState":{"showFog":false,"showMaterialUpdate":false,"showSkybox":false,"showFlares":false,"showImageEffects":false,"showParticleSystems":false},"in2DMode":false,"pivot":{"x":3.187056541442871,"y":14.933226585388184,"z":13.155275344848633},"rotation":{"x":-0.12448331713676453,"y":-0.010071645490825177,"z":0.0011901045218110085,"w":-0.9922090768814087},"size":20.673267364501954,"orthographic":false}