{"cameraMode":{"drawMode":0,"name":"Shaded","section":"Shading Mode"},"sceneLighting":true,"audioPlay":false,"sceneViewState":{"showFog":false,"showMaterialUpdate":false,"showSkybox":false,"showFlares":false,"showImageEffects":false,"showParticleSystems":false},"in2DMode":false,"pivot":{"x":-19.53076171875,"y":1.8007272481918336,"z":-22.85835838317871},"rotation":{"x":0.0028607863932847978,"y":0.9441525936126709,"z":0.008206255733966828,"w":-0.3294192850589752},"size":36.232261657714847,"orthographic":false}