{"cameraMode":{"drawMode":0,"name":"Shaded","section":"Shading Mode"},"sceneLighting":true,"audioPlay":false,"sceneViewState":{"showFog":false,"showMaterialUpdate":false,"showSkybox":false,"showFlares":false,"showImageEffects":false,"showParticleSystems":false},"in2DMode":false,"pivot":{"x":-4.244999885559082,"y":0.453000009059906,"z":6.489237308502197},"rotation":{"x":-0.1430729478597641,"y":-0.8040347695350647,"z":0.21475312113761903,"w":-0.535676121711731},"size":0.7000368237495422,"orthographic":false}