{"cameraMode":{"drawMode":0,"name":"Shaded","section":"Shading Mode"},"sceneLighting":true,"audioPlay":false,"sceneViewState":{"showFog":true,"showMaterialUpdate":false,"showSkybox":false,"showFlares":true,"showImageEffects":true,"showParticleSystems":true},"in2DMode":false,"pivot":{"x":0.5685257911682129,"y":-0.3379354476928711,"z":1.0966529846191407},"rotation":{"x":-0.13480356335639954,"y":-0.5944483280181885,"z":0.10192029178142548,"w":-0.7861855030059815},"size":2.668666124343872,"orthographic":false}