{"cameraMode":{"drawMode":0,"name":"Shaded","section":"Shading Mode"},"sceneLighting":true,"audioPlay":false,"sceneViewState":{"showFog":true,"showMaterialUpdate":false,"showSkybox":false,"showFlares":true,"showImageEffects":true,"showParticleSystems":true},"in2DMode":false,"pivot":{"x":0.3298371434211731,"y":-0.5191771984100342,"z":0.8016810417175293},"rotation":{"x":-0.2327595204114914,"y":-0.35008299350738528,"z":0.09024864435195923,"w":-0.9028490781784058},"size":0.8686663508415222,"orthographic":false}