{"cameraMode":{"drawMode":0,"name":"Shaded","section":"Shading Mode"},"sceneLighting":false,"audioPlay":false,"sceneViewState":{"showFog":false,"showMaterialUpdate":false,"showSkybox":false,"showFlares":false,"showImageEffects":false,"showParticleSystems":false},"in2DMode":false,"pivot":{"x":-1.957726001739502,"y":21.225393295288087,"z":3.397444248199463},"rotation":{"x":0.03486621379852295,"y":-0.8224567770957947,"z":0.050990138202905658,"w":0.5655301809310913},"size":9.90000057220459,"orthographic":false}