{"cameraMode":{"drawMode":0,"name":"Shaded","section":"Shading Mode"},"sceneLighting":false,"audioPlay":false,"sceneViewState":{"showFog":true,"showMaterialUpdate":false,"showSkybox":false,"showFlares":true,"showImageEffects":true,"showParticleSystems":true},"in2DMode":false,"pivot":{"x":0.4499998092651367,"y":-0.3920001983642578,"z":1.525899887084961},"rotation":{"x":-0.2687806487083435,"y":0.4804545044898987,"z":-0.15751902759075166,"w":-0.819823682308197},"size":40.010372161865237,"orthographic":false}