{"cameraMode":{"drawMode":0,"name":"Shaded","section":"Shading Mode"},"sceneLighting":true,"audioPlay":false,"sceneViewState":{"showFog":false,"showMaterialUpdate":false,"showSkybox":false,"showFlares":false,"showImageEffects":false,"showParticleSystems":false},"in2DMode":false,"pivot":{"x":14.371227264404297,"y":2.8157455921173097,"z":-43.45888900756836},"rotation":{"x":0.003029356710612774,"y":0.9969732761383057,"z":-0.055698495358228686,"w":0.05418984964489937},"size":34.2183952331543,"orthographic":false}