{"cameraMode":{"drawMode":0,"name":"Shaded","section":"Shading Mode"},"sceneLighting":true,"audioPlay":false,"sceneViewState":{"showFog":false,"showMaterialUpdate":false,"showSkybox":false,"showFlares":false,"showImageEffects":false,"showParticleSystems":false},"in2DMode":false,"pivot":{"x":-13.509553909301758,"y":-3.630739450454712,"z":-5.084952354431152},"rotation":{"x":-0.08001259714365006,"y":0.7930349707603455,"z":-0.10675513744354248,"w":-0.5944002270698547},"size":25.512815475463868,"orthographic":false}