{"cameraMode":{"drawMode":0,"name":"Shaded","section":"Shading Mode"},"sceneLighting":true,"audioPlay":false,"sceneViewState":{"showFog":true,"showMaterialUpdate":false,"showSkybox":false,"showFlares":true,"showImageEffects":true,"showParticleSystems":true},"in2DMode":false,"pivot":{"x":2.690197467803955,"y":17.037757873535158,"z":0.39231157302856448},"rotation":{"x":-0.00482272868975997,"y":0.9911099672317505,"z":-0.0374918095767498,"w":-0.12762993574142457},"size":7.510268211364746,"orthographic":false}