{"cameraMode":{"drawMode":0,"name":"Shaded","section":"Shading Mode"},"sceneLighting":false,"audioPlay":false,"sceneViewState":{"showFog":false,"showMaterialUpdate":false,"showSkybox":false,"showFlares":false,"showImageEffects":false,"showParticleSystems":false},"in2DMode":false,"pivot":{"x":841.5465087890625,"y":418.0458068847656,"z":-37.745849609375},"rotation":{"x":0.003029356710612774,"y":0.9969732761383057,"z":-0.055698495358228686,"w":0.05418984964489937},"size":532.6441650390625,"orthographic":false}