{"cameraMode":{"drawMode":0,"name":"Shaded","section":"Shading Mode"},"sceneLighting":true,"audioPlay":false,"sceneViewState":{"showFog":false,"showMaterialUpdate":false,"showSkybox":false,"showFlares":false,"showImageEffects":false,"showParticleSystems":false},"in2DMode":false,"pivot":{"x":1.8422651290893555,"y":-0.81817227602005,"z":0.5416485071182251},"rotation":{"x":0.09399603307247162,"y":0.7420316934585571,"z":-0.10646145790815354,"w":0.6551528573036194},"size":2.335143566131592,"orthographic":false}