{"cameraMode":{"drawMode":0,"name":"Shaded","section":"Shading Mode"},"sceneLighting":true,"audioPlay":false,"sceneViewState":{"showFog":true,"showMaterialUpdate":false,"showSkybox":false,"showFlares":true,"showImageEffects":true,"showParticleSystems":true},"in2DMode":false,"pivot":{"x":4.711040496826172,"y":31.164377212524415,"z":1.86328125},"rotation":{"x":0.27951207756996157,"y":0.05756182223558426,"z":-0.016787368804216386,"w":0.9582718014717102},"size":13.295866966247559,"orthographic":false}