{"cameraMode":{"drawMode":0,"name":"Shaded","section":"Shading Mode"},"sceneLighting":true,"audioPlay":false,"sceneViewState":{"showFog":true,"showMaterialUpdate":false,"showSkybox":false,"showFlares":true,"showImageEffects":true,"showParticleSystems":true},"in2DMode":false,"pivot":{"x":0.06182861328125,"y":-0.3920021057128906,"z":1.2215213775634766},"rotation":{"x":-0.21180865168571473,"y":-0.22290213406085969,"z":0.04968077689409256,"w":-0.9502599239349365},"size":40.010372161865237,"orthographic":false}