{"cameraMode":{"drawMode":0,"name":"Shaded","section":"Shading Mode"},"sceneLighting":true,"audioPlay":false,"sceneViewState":{"showFog":true,"showMaterialUpdate":false,"showSkybox":false,"showFlares":true,"showImageEffects":true,"showParticleSystems":true},"in2DMode":false,"pivot":{"x":-4.244998931884766,"y":0.4529991149902344,"z":6.4892377853393559},"rotation":{"x":0.11912281811237335,"y":0.8264333009719849,"z":-0.5161873698234558,"w":0.1907157003879547},"size":2.8578836917877199,"orthographic":false}