{"cameraMode":{"drawMode":0,"name":"Shaded","section":"Shading Mode"},"sceneLighting":false,"audioPlay":false,"sceneViewState":{"showFog":true,"showMaterialUpdate":false,"showSkybox":false,"showFlares":true,"showImageEffects":true,"showParticleSystems":true},"in2DMode":false,"pivot":{"x":-0.8566985130310059,"y":1.2385050058364869,"z":-2.351428270339966},"rotation":{"x":-0.00644739018753171,"y":-0.9935473799705505,"z":-0.08184444159269333,"w":0.0782608687877655},"size":4.738900661468506,"orthographic":false}