{"cameraMode":{"drawMode":0,"name":"Shaded","section":"Shading Mode"},"sceneLighting":true,"audioPlay":false,"sceneViewState":{"showFog":false,"showMaterialUpdate":false,"showSkybox":false,"showFlares":false,"showImageEffects":false,"showParticleSystems":false},"in2DMode":false,"pivot":{"x":6.478679656982422,"y":1.434783935546875,"z":1.6504325866699219},"rotation":{"x":-0.15133239328861237,"y":0.7915557026863098,"z":-0.5506560206413269,"w":-0.2175348550081253},"size":523.17333984375,"orthographic":false}