{"cameraMode":{"drawMode":0,"name":"Shaded","section":"Shading Mode"},"sceneLighting":true,"audioPlay":false,"sceneViewState":{"showFog":false,"showMaterialUpdate":false,"showSkybox":false,"showFlares":false,"showImageEffects":false,"showParticleSystems":false},"in2DMode":false,"pivot":{"x":-0.443866491317749,"y":-0.7795042395591736,"z":-0.48505842685699465},"rotation":{"x":0.00042673826101236045,"y":0.9333376288414002,"z":0.0011110095074400306,"w":-0.3590019643306732},"size":2.3110485076904299,"orthographic":false}