{"cameraMode":{"drawMode":0,"name":"Shaded","section":"Shading Mode"},"sceneLighting":true,"audioPlay":false,"sceneViewState":{"showFog":true,"showMaterialUpdate":false,"showSkybox":false,"showFlares":true,"showImageEffects":true,"showParticleSystems":true},"in2DMode":false,"pivot":{"x":0.08363878726959229,"y":-0.06924641132354737,"z":0.04750337451696396},"rotation":{"x":0.29636916518211367,"y":-0.6539681553840637,"z":0.3113257586956024,"w":0.6225513815879822},"size":0.7541202902793884,"orthographic":false}