{"cameraMode":{"drawMode":0,"name":"Shaded","section":"Shading Mode"},"sceneLighting":true,"audioPlay":false,"sceneViewState":{"showFog":false,"showMaterialUpdate":false,"showSkybox":false,"showFlares":false,"showImageEffects":false,"showParticleSystems":false},"in2DMode":false,"pivot":{"x":2.7959556579589845,"y":19.197498321533204,"z":2.576099395751953},"rotation":{"x":0.17680247128009797,"y":-0.35500088334083559,"z":0.06864101439714432,"w":0.9154675006866455},"size":7.3532938957214359,"orthographic":false}