{"cameraMode":{"drawMode":0,"name":"Shaded","section":"Shading Mode"},"sceneLighting":true,"audioPlay":false,"sceneViewState":{"showFog":false,"showMaterialUpdate":false,"showSkybox":false,"showFlares":false,"showImageEffects":false,"showParticleSystems":false},"in2DMode":false,"pivot":{"x":13.323125839233399,"y":17.792522430419923,"z":-12.501605987548829},"rotation":{"x":0.011205235496163369,"y":0.9887951016426086,"z":-0.1045164093375206,"w":0.10600735992193222},"size":51.910850524902347,"orthographic":false}