{"cameraMode":{"drawMode":0,"name":"Shaded","section":"Shading Mode"},"sceneLighting":true,"audioPlay":false,"sceneViewState":{"showFog":true,"showMaterialUpdate":false,"showSkybox":false,"showFlares":true,"showImageEffects":true,"showParticleSystems":true},"in2DMode":false,"pivot":{"x":0.3516418933868408,"y":-0.8148766756057739,"z":1.7366435527801514},"rotation":{"x":0.276368111371994,"y":0.12068937718868256,"z":-0.035005636513233188,"w":0.9528058171272278},"size":3.6112420558929445,"orthographic":false}