{"cameraMode":{"drawMode":0,"name":"Shaded","section":"Shading Mode"},"sceneLighting":false,"audioPlay":false,"sceneViewState":{"showFog":true,"showMaterialUpdate":false,"showSkybox":false,"showFlares":true,"showImageEffects":true,"showParticleSystems":true},"in2DMode":false,"pivot":{"x":-0.2232639193534851,"y":0.7110146284103394,"z":-2.768129587173462},"rotation":{"x":0.0031421161256730558,"y":-0.996199369430542,"z":0.04067709296941757,"w":0.07696643471717835},"size":5.638901233673096,"orthographic":false}