{"cameraMode":{"drawMode":0,"name":"Shaded","section":"Shading Mode"},"sceneLighting":true,"audioPlay":false,"sceneViewState":{"showFog":false,"showMaterialUpdate":false,"showSkybox":false,"showFlares":false,"showImageEffects":false,"showParticleSystems":false},"in2DMode":false,"pivot":{"x":-3.8687665462493898,"y":0.19873285293579102,"z":9.037611961364746},"rotation":{"x":-0.0018315586494281889,"y":-0.7357631325721741,"z":0.6772342324256897,"w":-0.0019893913995474579},"size":6.125122547149658,"orthographic":false}