{"cameraMode":{"drawMode":0,"name":"Shaded","section":"Shading Mode"},"sceneLighting":true,"audioPlay":false,"sceneViewState":{"showFog":true,"showMaterialUpdate":false,"showSkybox":false,"showFlares":true,"showImageEffects":true,"showParticleSystems":true},"in2DMode":false,"pivot":{"x":0.4499998092651367,"y":-0.3730001449584961,"z":1.8500001430511475},"rotation":{"x":0.015303172171115876,"y":0.02848855033516884,"z":-0.00043427987839095294,"w":0.9994809627532959},"size":40.010372161865237,"orthographic":false}