{"cameraMode":{"drawMode":0,"name":"Shaded","section":"Shading Mode"},"sceneLighting":true,"audioPlay":false,"sceneViewState":{"showFog":false,"showMaterialUpdate":false,"showSkybox":false,"showFlares":false,"showImageEffects":false,"showParticleSystems":false},"in2DMode":false,"pivot":{"x":0.03016567975282669,"y":0.020545557141304017,"z":-0.25220516324043276},"rotation":{"x":0.10896822810173035,"y":0.19287019968032838,"z":-0.021556776016950609,"w":0.974917471408844},"size":0.3499348759651184,"orthographic":false}