{"cameraMode":{"drawMode":0,"name":"Shaded","section":"Shading Mode"},"sceneLighting":false,"audioPlay":false,"sceneViewState":{"showFog":true,"showMaterialUpdate":false,"showSkybox":false,"showFlares":true,"showImageEffects":true,"showParticleSystems":true},"in2DMode":false,"pivot":{"x":5.974723815917969,"y":5.8501129150390629,"z":-0.9612609148025513},"rotation":{"x":0.13290809094905854,"y":0.8611043691635132,"z":-0.28804850578308108,"w":0.3973214030265808},"size":1.0030159950256348,"orthographic":false}