{"cameraMode":{"drawMode":0,"name":"Shaded","section":"Shading Mode"},"sceneLighting":true,"audioPlay":false,"sceneViewState":{"showFog":false,"showMaterialUpdate":false,"showSkybox":false,"showFlares":false,"showImageEffects":false,"showParticleSystems":false},"in2DMode":false,"pivot":{"x":446.3903503417969,"y":355.34698486328127,"z":49.511260986328128},"rotation":{"x":0.04227999970316887,"y":0.028465524315834047,"z":-0.0012075962731614709,"w":0.9987033009529114},"size":500.00274658203127,"orthographic":false}