{"cameraMode":{"drawMode":0,"name":"Shaded","section":"Shading Mode"},"sceneLighting":true,"audioPlay":false,"sceneViewState":{"showFog":true,"showMaterialUpdate":false,"showSkybox":false,"showFlares":true,"showImageEffects":true,"showParticleSystems":true},"in2DMode":false,"pivot":{"x":5.938063621520996,"y":17.247182846069337,"z":0.04909563064575195},"rotation":{"x":-0.00482272868975997,"y":0.9911099672317505,"z":-0.0374918095767498,"w":-0.12762993574142457},"size":6.902134418487549,"orthographic":false}