{"cameraMode":{"drawMode":0,"name":"Shaded","section":"Shading Mode"},"sceneLighting":true,"audioPlay":false,"sceneViewState":{"showFog":false,"showMaterialUpdate":false,"showSkybox":false,"showFlares":false,"showImageEffects":false,"showParticleSystems":false},"in2DMode":false,"pivot":{"x":20.139259338378908,"y":0.04249906539916992,"z":-3.9187850952148439},"rotation":{"x":0.024163750931620599,"y":0.8449047803878784,"z":-0.03831057250499725,"w":0.5330142974853516},"size":60.21906280517578,"orthographic":false}