{"cameraMode":{"drawMode":0,"name":"Shaded","section":"Shading Mode"},"sceneLighting":true,"audioPlay":false,"sceneViewState":{"showFog":false,"showMaterialUpdate":false,"showSkybox":false,"showFlares":false,"showImageEffects":false,"showParticleSystems":false},"in2DMode":false,"pivot":{"x":-16.643875122070314,"y":-0.28778836131095889,"z":-7.710546493530273},"rotation":{"x":-0.0016770957736298442,"y":0.8624559044837952,"z":-0.002853943733498454,"w":-0.5061367750167847},"size":25.273141860961915,"orthographic":false}