{"cameraMode":{"drawMode":0,"name":"Shaded","section":"Shading Mode"},"sceneLighting":true,"audioPlay":false,"sceneViewState":{"showFog":false,"showMaterialUpdate":false,"showSkybox":false,"showFlares":false,"showImageEffects":false,"showParticleSystems":false},"in2DMode":false,"pivot":{"x":-1.7452197074890137,"y":1.3800468444824219,"z":-5.7501068115234379},"rotation":{"x":0.4533246159553528,"y":-0.050481926649808887,"z":0.025726554915308954,"w":0.8895441889762878},"size":54.579349517822269,"orthographic":false}