{"cameraMode":{"drawMode":0,"name":"Shaded","section":"Shading Mode"},"sceneLighting":false,"audioPlay":false,"sceneViewState":{"showFog":true,"showMaterialUpdate":false,"showSkybox":false,"showFlares":true,"showImageEffects":true,"showParticleSystems":true},"in2DMode":false,"pivot":{"x":-7.562348365783691,"y":0.5631475448608398,"z":2.672588348388672},"rotation":{"x":0.21477000415325166,"y":0.2684301435947418,"z":-0.06152517348527908,"w":0.9370377659797669},"size":21.874217987060548,"orthographic":false}