{"cameraMode":{"drawMode":0,"name":"Shaded","section":"Shading Mode"},"sceneLighting":false,"audioPlay":false,"sceneViewState":{"showFog":true,"showMaterialUpdate":false,"showSkybox":false,"showFlares":true,"showImageEffects":true,"showParticleSystems":true},"in2DMode":false,"pivot":{"x":13.772172927856446,"y":3.7834243774414064,"z":-2.9584550857543947},"rotation":{"x":-0.304312139749527,"y":-0.6813961863517761,"z":0.37872111797332766,"w":-0.5474476218223572},"size":86.82241821289063,"orthographic":false}