{"cameraMode":{"drawMode":0,"name":"Shaded","section":"Shading Mode"},"sceneLighting":false,"audioPlay":false,"sceneViewState":{"showFog":true,"showMaterialUpdate":false,"showSkybox":false,"showFlares":true,"showImageEffects":true,"showParticleSystems":true},"in2DMode":false,"pivot":{"x":-27.589073181152345,"y":-111.07877349853516,"z":-5.475742340087891},"rotation":{"x":0.46045777201652529,"y":-0.5350860357284546,"z":0.4514397084712982,"w":0.5457793474197388},"size":204.27850341796876,"orthographic":false}