{"cameraMode":{"drawMode":0,"name":"Shaded","section":"Shading Mode"},"sceneLighting":false,"audioPlay":false,"sceneViewState":{"showFog":true,"showMaterialUpdate":false,"showSkybox":false,"showFlares":true,"showImageEffects":true,"showParticleSystems":true},"in2DMode":false,"pivot":{"x":-1.9636578559875489,"y":-0.12516021728515626,"z":38.583316802978519},"rotation":{"x":-0.554740846157074,"y":0.19489318132400514,"z":-0.13562732934951783,"w":-0.7974469065666199},"size":22.0,"orthographic":false}