{"cameraMode":{"drawMode":0,"name":"Shaded","section":"Shading Mode"},"sceneLighting":true,"audioPlay":false,"sceneViewState":{"showFog":true,"showMaterialUpdate":false,"showSkybox":false,"showFlares":true,"showImageEffects":true,"showParticleSystems":true},"in2DMode":false,"pivot":{"x":-16.19009780883789,"y":34.52025604248047,"z":11.90857219696045},"rotation":{"x":-0.5572502613067627,"y":0.24971620738506318,"z":-0.18053275346755982,"w":-0.77107834815979},"size":56.89878463745117,"orthographic":false}