{"cameraMode":{"drawMode":0,"name":"Shaded","section":"Shading Mode"},"sceneLighting":false,"audioPlay":false,"sceneViewState":{"showFog":true,"showMaterialUpdate":false,"showSkybox":false,"showFlares":true,"showImageEffects":true,"showParticleSystems":true},"in2DMode":false,"pivot":{"x":9.570516586303711,"y":4.377197265625,"z":-15.714012145996094},"rotation":{"x":-0.0151542192324996,"y":0.798660159111023,"z":-0.6012550592422485,"w":-0.02012977935373783},"size":116.04975128173828,"orthographic":false}