{"cameraMode":{"drawMode":0,"name":"Shaded","section":"Shading Mode"},"sceneLighting":false,"audioPlay":false,"sceneViewState":{"showFog":true,"showMaterialUpdate":false,"showSkybox":false,"showFlares":true,"showImageEffects":true,"showParticleSystems":true},"in2DMode":false,"pivot":{"x":-3.2049219608306886,"y":0.7688382863998413,"z":4.0709228515625},"rotation":{"x":-0.15218862891197205,"y":0.5204179286956787,"z":-0.09486663341522217,"w":-0.8348730206489563},"size":13.845309257507325,"orthographic":false}