{"cameraMode":{"drawMode":0,"name":"Shaded","section":"Shading Mode"},"sceneLighting":false,"audioPlay":false,"sceneViewState":{"showFog":true,"showMaterialUpdate":false,"showSkybox":false,"showFlares":true,"showImageEffects":true,"showParticleSystems":true},"in2DMode":false,"pivot":{"x":4.355899810791016,"y":-0.8632659912109375,"z":-5.742837905883789},"rotation":{"x":0.03236619755625725,"y":-0.821282684803009,"z":0.5676892399787903,"w":0.04685492441058159},"size":86.4638900756836,"orthographic":false}