{"cameraMode":{"drawMode":0,"name":"Shaded","section":"Shading Mode"},"sceneLighting":false,"audioPlay":false,"sceneViewState":{"showFog":true,"showMaterialUpdate":false,"showSkybox":false,"showFlares":true,"showImageEffects":true,"showParticleSystems":true},"in2DMode":false,"pivot":{"x":-4.244999885559082,"y":0.453000009059906,"z":6.489237308502197},"rotation":{"x":-0.17995479702949525,"y":0.6997454166412354,"z":-0.18938031792640687,"w":-0.6649195551872253},"size":0.7144709229469299,"orthographic":false}