{"cameraMode":{"drawMode":0,"name":"Shaded","section":"Shading Mode"},"sceneLighting":false,"audioPlay":false,"sceneViewState":{"showFog":true,"showMaterialUpdate":false,"showSkybox":false,"showFlares":true,"showImageEffects":true,"showParticleSystems":true},"in2DMode":false,"pivot":{"x":-4.244998931884766,"y":0.4529991149902344,"z":6.4892377853393559},"rotation":{"x":0.20439377427101136,"y":-0.7950356602668762,"z":0.4203111529350281,"w":0.3866739571094513},"size":200.05186462402345,"orthographic":false}