{"cameraMode":{"drawMode":0,"name":"Shaded","section":"Shading Mode"},"sceneLighting":false,"audioPlay":false,"sceneViewState":{"showFog":true,"showMaterialUpdate":false,"showSkybox":false,"showFlares":true,"showImageEffects":true,"showParticleSystems":true},"in2DMode":false,"pivot":{"x":53.39825439453125,"y":195.05665588378907,"z":-0.035327911376953128},"rotation":{"x":-0.350354939699173,"y":0.5078028440475464,"z":-0.23712341487407685,"w":-0.7504552006721497},"size":57.3689079284668,"orthographic":false}