{"cameraMode":{"drawMode":0,"name":"Shaded","section":"Shading Mode"},"sceneLighting":false,"audioPlay":false,"sceneViewState":{"showFog":true,"showMaterialUpdate":false,"showSkybox":false,"showFlares":true,"showImageEffects":true,"showParticleSystems":true},"in2DMode":false,"pivot":{"x":4.3532867431640629,"y":-9.03317642211914,"z":18.055553436279298},"rotation":{"x":0.4969922602176666,"y":0.17803333699703217,"z":-0.10498351603746414,"w":0.8427908420562744},"size":104.06166076660156,"orthographic":false}