{"cameraMode":{"drawMode":0,"name":"Shaded","section":"Shading Mode"},"sceneLighting":true,"audioPlay":false,"sceneViewState":{"showFog":true,"showMaterialUpdate":false,"showSkybox":false,"showFlares":true,"showImageEffects":true,"showParticleSystems":true},"in2DMode":false,"pivot":{"x":-15.785149574279786,"y":13.642135620117188,"z":9.958324432373047},"rotation":{"x":-0.4198319613933563,"y":0.5538581013679504,"z":-0.38165658712387087,"w":-0.6093917489051819},"size":77.14447021484375,"orthographic":false}