{"cameraMode":{"drawMode":0,"name":"Shaded","section":"Shading Mode"},"sceneLighting":false,"audioPlay":false,"sceneViewState":{"showFog":true,"showMaterialUpdate":false,"showSkybox":false,"showFlares":true,"showImageEffects":true,"showParticleSystems":true},"in2DMode":false,"pivot":{"x":0.26581239700317385,"y":-4.211002349853516,"z":20.43505859375},"rotation":{"x":-0.5559840798377991,"y":0.023699019104242326,"z":-0.01590205542743206,"w":-0.830723762512207},"size":78.19921875,"orthographic":false}