{"cameraMode":{"drawMode":0,"name":"Shaded","section":"Shading Mode"},"sceneLighting":false,"audioPlay":false,"sceneViewState":{"showFog":true,"showMaterialUpdate":false,"showSkybox":false,"showFlares":true,"showImageEffects":true,"showParticleSystems":true},"in2DMode":false,"pivot":{"x":-4.244999885559082,"y":0.4529999792575836,"z":6.7892374992370609},"rotation":{"x":0.4939984977245331,"y":0.505683183670044,"z":-0.48722168803215029,"w":0.5127116441726685},"size":8.0020751953125,"orthographic":false}