{"cameraMode":{"drawMode":0,"name":"Shaded","section":"Shading Mode"},"sceneLighting":true,"audioPlay":false,"sceneViewState":{"showFog":true,"showMaterialUpdate":false,"showSkybox":false,"showFlares":true,"showImageEffects":true,"showParticleSystems":true},"in2DMode":false,"pivot":{"x":-6.393254280090332,"y":24.205467224121095,"z":-8.172779083251954},"rotation":{"x":-0.440523624420166,"y":0.5522204637527466,"z":-0.4369257688522339,"w":-0.5568901300430298},"size":73.66262817382813,"orthographic":false}