{"cameraMode":{"drawMode":0,"name":"Shaded","section":"Shading Mode"},"sceneLighting":false,"audioPlay":false,"sceneViewState":{"showFog":true,"showMaterialUpdate":false,"showSkybox":false,"showFlares":true,"showImageEffects":true,"showParticleSystems":true},"in2DMode":false,"pivot":{"x":-4.244998931884766,"y":0.4529991149902344,"z":6.4892377853393559},"rotation":{"x":0.26542630791664126,"y":0.6927676200866699,"z":-0.5951995253562927,"w":0.3088648319244385},"size":200.05186462402345,"orthographic":false}