{"cameraMode":{"drawMode":0,"name":"Shaded","section":"Shading Mode"},"sceneLighting":false,"audioPlay":false,"sceneViewState":{"showFog":true,"showMaterialUpdate":false,"showSkybox":false,"showFlares":true,"showImageEffects":true,"showParticleSystems":true},"in2DMode":false,"pivot":{"x":-9.576375961303711,"y":36.82279968261719,"z":-4.665042400360107},"rotation":{"x":-0.515794038772583,"y":-0.48395222425460818,"z":0.48773419857025149,"w":-0.5117594599723816},"size":26.155563354492189,"orthographic":false}