{"cameraMode":{"drawMode":0,"name":"Shaded","section":"Shading Mode"},"sceneLighting":false,"audioPlay":false,"sceneViewState":{"showFog":true,"showMaterialUpdate":false,"showSkybox":false,"showFlares":true,"showImageEffects":true,"showParticleSystems":true},"in2DMode":false,"pivot":{"x":-10.906336784362793,"y":4.1577301025390629,"z":-4.551501750946045},"rotation":{"x":0.7490071654319763,"y":0.046133704483509067,"z":-0.05239507555961609,"w":0.6589022278785706},"size":92.4894027709961,"orthographic":false}