{"cameraMode":{"drawMode":0,"name":"Shaded","section":"Shading Mode"},"sceneLighting":true,"audioPlay":false,"sceneViewState":{"showFog":true,"showMaterialUpdate":false,"showSkybox":false,"showFlares":true,"showImageEffects":true,"showParticleSystems":true},"in2DMode":false,"pivot":{"x":5.038393974304199,"y":8.666084289550782,"z":10.66720199584961},"rotation":{"x":-0.6248232126235962,"y":0.18391376733779908,"z":-0.15474414825439454,"w":-0.7428749203681946},"size":77.29569244384766,"orthographic":false}