{"cameraMode":{"drawMode":0,"name":"Shaded","section":"Shading Mode"},"sceneLighting":true,"audioPlay":false,"sceneViewState":{"showFog":true,"showMaterialUpdate":false,"showSkybox":false,"showFlares":true,"showImageEffects":true,"showParticleSystems":true},"in2DMode":false,"pivot":{"x":4.986751556396484,"y":17.514442443847658,"z":-17.265798568725587},"rotation":{"x":-0.004657171666622162,"y":-0.7652724385261536,"z":0.6436769962310791,"w":-0.005497816950082779},"size":49.88480758666992,"orthographic":false}