{"cameraMode":{"drawMode":0,"name":"Shaded","section":"Shading Mode"},"sceneLighting":false,"audioPlay":false,"sceneViewState":{"showFog":true,"showMaterialUpdate":false,"showSkybox":false,"showFlares":true,"showImageEffects":true,"showParticleSystems":true},"in2DMode":false,"pivot":{"x":-4.33531379699707,"y":-1.4687447547912598,"z":1.53765869140625},"rotation":{"x":0.000344228174071759,"y":0.9866167902946472,"z":-0.16307859122753144,"w":0.0020880785305052997},"size":7.546475410461426,"orthographic":false}