{"cameraMode":{"drawMode":0,"name":"Shaded","section":"Shading Mode"},"sceneLighting":false,"audioPlay":false,"sceneViewState":{"showFog":true,"showMaterialUpdate":false,"showSkybox":false,"showFlares":true,"showImageEffects":true,"showParticleSystems":true},"in2DMode":false,"pivot":{"x":0.45000001788139346,"y":-0.3730001747608185,"z":1.7989223003387452},"rotation":{"x":0.03694383054971695,"y":0.3407527804374695,"z":-0.013402149081230164,"w":0.9393368363380432},"size":7.803173065185547,"orthographic":false}