{"cameraMode":{"drawMode":0,"name":"Shaded","section":"Shading Mode"},"sceneLighting":true,"audioPlay":false,"sceneViewState":{"showFog":true,"showMaterialUpdate":false,"showSkybox":false,"showFlares":true,"showImageEffects":true,"showParticleSystems":true},"in2DMode":false,"pivot":{"x":2.4350666999816896,"y":85.03284454345703,"z":-2.1742773056030275},"rotation":{"x":-0.004657171666622162,"y":-0.7652724385261536,"z":0.6436769962310791,"w":-0.005497816950082779},"size":10.863364219665528,"orthographic":false}