{"cameraMode":{"drawMode":0,"name":"Shaded","section":"Shading Mode"},"sceneLighting":true,"audioPlay":false,"sceneViewState":{"showFog":true,"showMaterialUpdate":false,"showSkybox":false,"showFlares":true,"showImageEffects":true,"showParticleSystems":true},"in2DMode":false,"pivot":{"x":0.6370000839233398,"y":-0.1100001335144043,"z":1.194000244140625},"rotation":{"x":-0.5572502613067627,"y":0.24971620738506318,"z":-0.18053275346755982,"w":-0.77107834815979},"size":40.010372161865237,"orthographic":false}