{"cameraMode":{"drawMode":0,"name":"Shaded","section":"Shading Mode"},"sceneLighting":false,"audioPlay":false,"sceneViewState":{"showFog":true,"showMaterialUpdate":false,"showSkybox":false,"showFlares":true,"showImageEffects":true,"showParticleSystems":true},"in2DMode":false,"pivot":{"x":-2.4224565029144289,"y":-12.26678466796875,"z":-0.6866170167922974},"rotation":{"x":0.49113917350769045,"y":-0.5088301301002502,"z":0.502195417881012,"w":0.4976806342601776},"size":92.75192260742188,"orthographic":false}