{"cameraMode":{"drawMode":0,"name":"Shaded","section":"Shading Mode"},"sceneLighting":false,"audioPlay":false,"sceneViewState":{"showFog":true,"showMaterialUpdate":false,"showSkybox":false,"showFlares":true,"showImageEffects":true,"showParticleSystems":true},"in2DMode":false,"pivot":{"x":4.097721099853516,"y":5.578701019287109,"z":-5.170827388763428},"rotation":{"x":0.27568405866622927,"y":0.009498901665210724,"z":-0.0026620926801115276,"w":0.961220383644104},"size":1.824641227722168,"orthographic":false}