{"cameraMode":{"drawMode":0,"name":"Shaded","section":"Shading Mode"},"sceneLighting":false,"audioPlay":false,"sceneViewState":{"showFog":true,"showMaterialUpdate":false,"showSkybox":false,"showFlares":true,"showImageEffects":true,"showParticleSystems":true},"in2DMode":false,"pivot":{"x":-6.989068984985352,"y":-2.7306137084960939,"z":14.1527681350708},"rotation":{"x":-0.003114987164735794,"y":0.6705718040466309,"z":-0.7418333292007446,"w":-0.002815837040543556},"size":94.64031982421875,"orthographic":false}