{"cameraMode":{"drawMode":0,"name":"Shaded","section":"Shading Mode"},"sceneLighting":false,"audioPlay":false,"sceneViewState":{"showFog":true,"showMaterialUpdate":false,"showSkybox":false,"showFlares":true,"showImageEffects":true,"showParticleSystems":true},"in2DMode":false,"pivot":{"x":-26.903409957885743,"y":0.8165206909179688,"z":-22.82948112487793},"rotation":{"x":-0.5149319767951965,"y":0.4229787290096283,"z":-0.32443562150001528,"w":-0.6713343858718872},"size":36.763023376464847,"orthographic":false}