{"cameraMode":{"drawMode":0,"name":"Shaded","section":"Shading Mode"},"sceneLighting":false,"audioPlay":false,"sceneViewState":{"showFog":true,"showMaterialUpdate":false,"showSkybox":false,"showFlares":true,"showImageEffects":true,"showParticleSystems":true},"in2DMode":false,"pivot":{"x":-8.431327819824219,"y":9.61339282989502,"z":-11.7720365524292},"rotation":{"x":0.5342812538146973,"y":0.46502166986465456,"z":-0.48005789518356326,"w":0.5175419449806213},"size":83.18462371826172,"orthographic":false}