{"cameraMode":{"drawMode":0,"name":"Shaded","section":"Shading Mode"},"sceneLighting":true,"audioPlay":false,"sceneViewState":{"showFog":true,"showMaterialUpdate":false,"showSkybox":false,"showFlares":true,"showImageEffects":true,"showParticleSystems":true},"in2DMode":false,"pivot":{"x":8.412322044372559,"y":22.597686767578126,"z":29.93198013305664},"rotation":{"x":-0.378042072057724,"y":0.598816990852356,"z":-0.5945607423782349,"w":-0.38080623745918276},"size":118.95144653320313,"orthographic":false}