{"cameraMode":{"drawMode":0,"name":"Shaded","section":"Shading Mode"},"sceneLighting":true,"audioPlay":false,"sceneViewState":{"showFog":true,"showMaterialUpdate":false,"showSkybox":false,"showFlares":true,"showImageEffects":true,"showParticleSystems":true},"in2DMode":false,"pivot":{"x":0.4499998092651367,"y":-0.3920001983642578,"z":1.025899887084961},"rotation":{"x":-0.44079354405403139,"y":-0.5589792728424072,"z":0.4846302568912506,"w":-0.5083447694778442},"size":40.010372161865237,"orthographic":false}