{"cameraMode":{"drawMode":0,"name":"Shaded","section":"Shading Mode"},"sceneLighting":false,"audioPlay":false,"sceneViewState":{"showFog":true,"showMaterialUpdate":false,"showSkybox":false,"showFlares":true,"showImageEffects":true,"showParticleSystems":true},"in2DMode":false,"pivot":{"x":-9.728172302246094,"y":226.57632446289063,"z":-24.6884765625},"rotation":{"x":0.002402164973318577,"y":0.9975488185882568,"z":-0.05572944134473801,"w":0.04253128543496132},"size":346.9912414550781,"orthographic":false}