{"cameraMode":{"drawMode":0,"name":"Shaded","section":"Shading Mode"},"sceneLighting":true,"audioPlay":false,"sceneViewState":{"showFog":true,"showMaterialUpdate":false,"showSkybox":false,"showFlares":true,"showImageEffects":true,"showParticleSystems":true},"in2DMode":false,"pivot":{"x":16.48247528076172,"y":5.5288848876953129,"z":2.253480911254883},"rotation":{"x":-0.6215373277664185,"y":-0.21238258481025697,"z":0.180221825838089,"w":-0.7322191596031189},"size":113.97513580322266,"orthographic":false}