{"cameraMode":{"drawMode":0,"name":"Shaded","section":"Shading Mode"},"sceneLighting":false,"audioPlay":false,"sceneViewState":{"showFog":true,"showMaterialUpdate":false,"showSkybox":false,"showFlares":true,"showImageEffects":true,"showParticleSystems":true},"in2DMode":false,"pivot":{"x":5.8019609451293949,"y":5.302280426025391,"z":34.91376495361328},"rotation":{"x":0.26557236909866335,"y":0.0098157599568367,"z":-0.0027014545630663635,"w":0.9640450477600098},"size":96.96473693847656,"orthographic":false}