{"cameraMode":{"drawMode":0,"name":"Shaded","section":"Shading Mode"},"sceneLighting":true,"audioPlay":false,"sceneViewState":{"showFog":true,"showMaterialUpdate":false,"showSkybox":false,"showFlares":true,"showImageEffects":true,"showParticleSystems":true},"in2DMode":false,"pivot":{"x":5.341134071350098,"y":26.2977294921875,"z":1.089223861694336},"rotation":{"x":-0.04005175456404686,"y":0.7881186604499817,"z":-0.6120567917823792,"w":-0.051626283675432208},"size":118.95144653320313,"orthographic":false}