{"cameraMode":{"drawMode":0,"name":"Shaded","section":"Shading Mode"},"sceneLighting":false,"audioPlay":false,"sceneViewState":{"showFog":true,"showMaterialUpdate":false,"showSkybox":false,"showFlares":true,"showImageEffects":true,"showParticleSystems":true},"in2DMode":false,"pivot":{"x":-8.875503540039063,"y":-3.4293212890625,"z":6.9786906242370609},"rotation":{"x":-0.41839155554771426,"y":0.5639758706092835,"z":-0.40119343996047976,"w":-0.588161289691925},"size":14.192224502563477,"orthographic":false}