{"cameraMode":{"drawMode":0,"name":"Shaded","section":"Shading Mode"},"sceneLighting":false,"audioPlay":false,"sceneViewState":{"showFog":true,"showMaterialUpdate":false,"showSkybox":false,"showFlares":true,"showImageEffects":true,"showParticleSystems":true},"in2DMode":false,"pivot":{"x":-2.0704727172851564,"y":11.21432113647461,"z":2.203716278076172},"rotation":{"x":0.11440227925777435,"y":-0.8854838013648987,"z":0.31105339527130129,"w":0.3257213532924652},"size":188.53372192382813,"orthographic":false}