{"cameraMode":{"drawMode":0,"name":"Shaded","section":"Shading Mode"},"sceneLighting":false,"audioPlay":false,"sceneViewState":{"showFog":true,"showMaterialUpdate":false,"showSkybox":false,"showFlares":true,"showImageEffects":true,"showParticleSystems":true},"in2DMode":false,"pivot":{"x":2.384185791015625e-7,"y":36.66699981689453,"z":-4.76837158203125e-7},"rotation":{"x":-0.32678893208503725,"y":-0.44944003224372866,"z":0.1809321641921997,"w":-0.811488687992096},"size":34.29460906982422,"orthographic":false}