{"cameraMode":{"drawMode":0,"name":"Shaded","section":"Shading Mode"},"sceneLighting":true,"audioPlay":false,"sceneViewState":{"showFog":true,"showMaterialUpdate":false,"showSkybox":false,"showFlares":true,"showImageEffects":true,"showParticleSystems":true},"in2DMode":false,"pivot":{"x":11.863550186157227,"y":10.536758422851563,"z":12.022533416748047},"rotation":{"x":-0.44079354405403139,"y":-0.5589792728424072,"z":0.4846302568912506,"w":-0.5083447694778442},"size":76.28431701660156,"orthographic":false}