{"cameraMode":{"drawMode":0,"name":"Shaded","section":"Shading Mode"},"sceneLighting":false,"audioPlay":false,"sceneViewState":{"showFog":true,"showMaterialUpdate":false,"showSkybox":false,"showFlares":true,"showImageEffects":true,"showParticleSystems":true},"in2DMode":false,"pivot":{"x":-15.345658302307129,"y":78.66997528076172,"z":-3.2850873470306398},"rotation":{"x":0.3766117990016937,"y":0.5591323971748352,"z":-0.31514421105384829,"w":0.6680288314819336},"size":6.696089267730713,"orthographic":false}