{"cameraMode":{"drawMode":0,"name":"Shaded","section":"Shading Mode"},"sceneLighting":false,"audioPlay":false,"sceneViewState":{"showFog":true,"showMaterialUpdate":false,"showSkybox":false,"showFlares":true,"showImageEffects":true,"showParticleSystems":true},"in2DMode":false,"pivot":{"x":0.4499998092651367,"y":-0.3730001449584961,"z":1.194000244140625},"rotation":{"x":0.26542630791664126,"y":0.6927676200866699,"z":-0.5951995253562927,"w":0.3088648319244385},"size":40.010372161865237,"orthographic":false}