{"cameraMode":{"drawMode":0,"name":"Shaded","section":"Shading Mode"},"sceneLighting":true,"audioPlay":false,"sceneViewState":{"showFog":true,"showMaterialUpdate":false,"showSkybox":false,"showFlares":true,"showImageEffects":true,"showParticleSystems":true},"in2DMode":false,"pivot":{"x":4.131366729736328,"y":84.68140411376953,"z":0.5905237197875977},"rotation":{"x":0.00813922006636858,"y":-0.8456660509109497,"z":0.5335062146186829,"w":0.01294874306768179},"size":3.200206756591797,"orthographic":false}