{"cameraMode":{"drawMode":0,"name":"Shaded","section":"Shading Mode"},"sceneLighting":false,"audioPlay":false,"sceneViewState":{"showFog":true,"showMaterialUpdate":false,"showSkybox":false,"showFlares":true,"showImageEffects":true,"showParticleSystems":true},"in2DMode":false,"pivot":{"x":-0.2711479663848877,"y":-0.2603635787963867,"z":0.05499768257141113},"rotation":{"x":0.0029324686620384456,"y":-0.7879554033279419,"z":0.6157254576683044,"w":0.0037939613685011865},"size":11.431534767150879,"orthographic":false}