{"cameraMode":{"drawMode":0,"name":"Shaded","section":"Shading Mode"},"sceneLighting":true,"audioPlay":false,"sceneViewState":{"showFog":true,"showMaterialUpdate":false,"showSkybox":false,"showFlares":true,"showImageEffects":true,"showParticleSystems":true},"in2DMode":false,"pivot":{"x":-3.3680641651153566,"y":-1.3136215209960938,"z":16.582374572753908},"rotation":{"x":-0.0073474314995110039,"y":-0.6957356333732605,"z":0.7182352542877197,"w":-0.0070819733664393429},"size":90.60252380371094,"orthographic":false}