{"cameraMode":{"drawMode":0,"name":"Shaded","section":"Shading Mode"},"sceneLighting":true,"audioPlay":false,"sceneViewState":{"showFog":true,"showMaterialUpdate":false,"showSkybox":false,"showFlares":true,"showImageEffects":true,"showParticleSystems":true},"in2DMode":false,"pivot":{"x":17.390979766845704,"y":9.683517456054688,"z":-12.026998519897461},"rotation":{"x":-0.3413570523262024,"y":-0.529508113861084,"z":0.2452656477689743,"w":-0.7368542551994324},"size":108.14710235595703,"orthographic":false}