{"cameraMode":{"drawMode":0,"name":"Shaded","section":"Shading Mode"},"sceneLighting":false,"audioPlay":false,"sceneViewState":{"showFog":true,"showMaterialUpdate":false,"showSkybox":false,"showFlares":true,"showImageEffects":true,"showParticleSystems":true},"in2DMode":false,"pivot":{"x":32.42312240600586,"y":0.20726442337036134,"z":-14.060068130493164},"rotation":{"x":-0.07863638550043106,"y":-0.7357267737388611,"z":0.08668985962867737,"w":-0.6671043038368225},"size":18.905324935913087,"orthographic":false}