{"cameraMode":{"drawMode":0,"name":"Shaded","section":"Shading Mode"},"sceneLighting":false,"audioPlay":false,"sceneViewState":{"showFog":true,"showMaterialUpdate":false,"showSkybox":false,"showFlares":true,"showImageEffects":true,"showParticleSystems":true},"in2DMode":false,"pivot":{"x":-7.6943840980529789,"y":122.6624755859375,"z":-55.75312042236328},"rotation":{"x":-0.0037276879884302618,"y":0.8191846013069153,"z":-0.5735298991203308,"w":-0.005405875854194164},"size":40.010372161865237,"orthographic":false}