{"cameraMode":{"drawMode":0,"name":"Shaded","section":"Shading Mode"},"sceneLighting":true,"audioPlay":false,"sceneViewState":{"showFog":true,"showMaterialUpdate":false,"showSkybox":false,"showFlares":true,"showImageEffects":true,"showParticleSystems":true},"in2DMode":false,"pivot":{"x":3.659625291824341,"y":15.669898986816407,"z":-19.425514221191408},"rotation":{"x":0.0029324686620384456,"y":-0.7879554033279419,"z":0.6157254576683044,"w":0.0037939613685011865},"size":75.05513763427735,"orthographic":false}