{"cameraMode":{"drawMode":0,"name":"Shaded","section":"Shading Mode"},"sceneLighting":false,"audioPlay":false,"sceneViewState":{"showFog":true,"showMaterialUpdate":false,"showSkybox":false,"showFlares":true,"showImageEffects":true,"showParticleSystems":true},"in2DMode":false,"pivot":{"x":0.5005283355712891,"y":0.574374794960022,"z":0.9152939319610596},"rotation":{"x":0.03694383054971695,"y":0.3407527804374695,"z":-0.013402149081230164,"w":0.9393368363380432},"size":3.890798330307007,"orthographic":false}