{"cameraMode":{"drawMode":0,"name":"Shaded","section":"Shading Mode"},"sceneLighting":false,"audioPlay":false,"sceneViewState":{"showFog":true,"showMaterialUpdate":false,"showSkybox":false,"showFlares":true,"showImageEffects":true,"showParticleSystems":true},"in2DMode":false,"pivot":{"x":0.0,"y":-0.9600005149841309,"z":-0.10000002384185791},"rotation":{"x":0.3281526565551758,"y":0.6713972091674805,"z":-0.4537133276462555,"w":0.48551079630851748},"size":9.032662391662598,"orthographic":false}