{"cameraMode":{"drawMode":0,"name":"Shaded","section":"Shading Mode"},"sceneLighting":false,"audioPlay":false,"sceneViewState":{"showFog":true,"showMaterialUpdate":false,"showSkybox":false,"showFlares":true,"showImageEffects":true,"showParticleSystems":true},"in2DMode":false,"pivot":{"x":-11.761756896972657,"y":9.315332412719727,"z":-16.73328971862793},"rotation":{"x":0.35544249415397646,"y":-0.2748509347438812,"z":0.11022338271141052,"w":0.8865618109703064},"size":6.1355133056640629,"orthographic":false}