{"cameraMode":{"drawMode":0,"name":"Shaded","section":"Shading Mode"},"sceneLighting":false,"audioPlay":false,"sceneViewState":{"showFog":true,"showMaterialUpdate":false,"showSkybox":false,"showFlares":true,"showImageEffects":true,"showParticleSystems":true},"in2DMode":false,"pivot":{"x":-31.276758193969728,"y":7.999506950378418,"z":12.65306282043457},"rotation":{"x":0.20439377427101136,"y":-0.7950356602668762,"z":0.4203111529350281,"w":0.3866739571094513},"size":3.821786880493164,"orthographic":false}