{"cameraMode":{"drawMode":0,"name":"Shaded","section":"Shading Mode"},"sceneLighting":false,"audioPlay":false,"sceneViewState":{"showFog":true,"showMaterialUpdate":false,"showSkybox":false,"showFlares":true,"showImageEffects":true,"showParticleSystems":true},"in2DMode":false,"pivot":{"x":0.48265767097473147,"y":20.667076110839845,"z":2.0},"rotation":{"x":-0.32678893208503725,"y":-0.44944003224372866,"z":0.1809321641921997,"w":-0.811488687992096},"size":16.879714965820314,"orthographic":false}