{"cameraMode":{"drawMode":0,"name":"Shaded","section":"Shading Mode"},"sceneLighting":false,"audioPlay":false,"sceneViewState":{"showFog":true,"showMaterialUpdate":false,"showSkybox":false,"showFlares":true,"showImageEffects":true,"showParticleSystems":true},"in2DMode":false,"pivot":{"x":0.17921733856201173,"y":11.0,"z":0.6400079727172852},"rotation":{"x":0.26542630791664126,"y":0.6927676200866699,"z":-0.5951995253562927,"w":0.3088648319244385},"size":81.8735580444336,"orthographic":false}