{"cameraMode":{"drawMode":0,"name":"Shaded","section":"Shading Mode"},"sceneLighting":true,"audioPlay":false,"sceneViewState":{"showFog":true,"showMaterialUpdate":false,"showSkybox":false,"showFlares":true,"showImageEffects":true,"showParticleSystems":true},"in2DMode":false,"pivot":{"x":6.301448822021484,"y":22.764381408691408,"z":-5.271012306213379},"rotation":{"x":-0.4326286017894745,"y":-0.5645236372947693,"z":0.45771077275276186,"w":-0.533535361289978},"size":63.988494873046878,"orthographic":false}