{"cameraMode":{"drawMode":0,"name":"Shaded","section":"Shading Mode"},"sceneLighting":false,"audioPlay":false,"sceneViewState":{"showFog":true,"showMaterialUpdate":false,"showSkybox":false,"showFlares":true,"showImageEffects":true,"showParticleSystems":true},"in2DMode":false,"pivot":{"x":-4.244999885559082,"y":0.4530000686645508,"z":6.239236831665039},"rotation":{"x":-0.6187706589698792,"y":-0.0578390397131443,"z":0.04569998010993004,"w":-0.7821297645568848},"size":40.010372161865237,"orthographic":false}