{"cameraMode":{"drawMode":0,"name":"Shaded","section":"Shading Mode"},"sceneLighting":true,"audioPlay":false,"sceneViewState":{"showFog":true,"showMaterialUpdate":false,"showSkybox":false,"showFlares":true,"showImageEffects":true,"showParticleSystems":true},"in2DMode":false,"pivot":{"x":5.297015190124512,"y":10.22933578491211,"z":2.3945608139038088},"rotation":{"x":0.0029324686620384456,"y":-0.7879554033279419,"z":0.6157254576683044,"w":0.0037939613685011865},"size":50.14950180053711,"orthographic":false}