{"cameraMode":{"drawMode":0,"name":"Shaded","section":"Shading Mode"},"sceneLighting":false,"audioPlay":false,"sceneViewState":{"showFog":true,"showMaterialUpdate":false,"showSkybox":false,"showFlares":true,"showImageEffects":true,"showParticleSystems":true},"in2DMode":false,"pivot":{"x":0.4560000002384186,"y":-0.47925323247909548,"z":0.7256816029548645},"rotation":{"x":-0.011377173475921154,"y":-0.9865061044692993,"z":0.14335910975933076,"w":-0.07830323278903961},"size":1.3601263761520386,"orthographic":false}