{"cameraMode":{"drawMode":0,"name":"Shaded","section":"Shading Mode"},"sceneLighting":false,"audioPlay":false,"sceneViewState":{"showFog":true,"showMaterialUpdate":false,"showSkybox":false,"showFlares":true,"showImageEffects":true,"showParticleSystems":true},"in2DMode":false,"pivot":{"x":4.725412368774414,"y":5.791912078857422,"z":13.65024185180664},"rotation":{"x":0.46331921219825747,"y":-0.5349514484405518,"z":0.46950605511665347,"w":0.5279572606086731},"size":40.010372161865237,"orthographic":false}