{"cameraMode":{"drawMode":0,"name":"Shaded","section":"Shading Mode"},"sceneLighting":false,"audioPlay":false,"sceneViewState":{"showFog":true,"showMaterialUpdate":false,"showSkybox":false,"showFlares":true,"showImageEffects":true,"showParticleSystems":true},"in2DMode":false,"pivot":{"x":4.058346748352051,"y":30.88367462158203,"z":5.372326850891113},"rotation":{"x":-0.6187706589698792,"y":-0.0578390397131443,"z":0.04569998010993004,"w":-0.7821297645568848},"size":63.258155822753909,"orthographic":false}