{"cameraMode":{"drawMode":0,"name":"Shaded","section":"Shading Mode"},"sceneLighting":false,"audioPlay":false,"sceneViewState":{"showFog":true,"showMaterialUpdate":false,"showSkybox":false,"showFlares":true,"showImageEffects":true,"showParticleSystems":true},"in2DMode":false,"pivot":{"x":2.9418439865112306,"y":-9.014603614807129,"z":7.864232063293457},"rotation":{"x":-0.3936050832271576,"y":0.17724572122097016,"z":-0.07762829214334488,"w":-0.8986910581588745},"size":31.765159606933595,"orthographic":false}