{"cameraMode":{"drawMode":0,"name":"Shaded","section":"Shading Mode"},"sceneLighting":true,"audioPlay":false,"sceneViewState":{"showFog":true,"showMaterialUpdate":false,"showSkybox":false,"showFlares":true,"showImageEffects":true,"showParticleSystems":true},"in2DMode":false,"pivot":{"x":0.0,"y":0.4200000762939453,"z":-0.7899999618530273},"rotation":{"x":-0.04005175456404686,"y":0.7881186604499817,"z":-0.6120567917823792,"w":-0.051626283675432208},"size":55.10017395019531,"orthographic":false}