{"cameraMode":{"drawMode":0,"name":"Shaded","section":"Shading Mode"},"sceneLighting":true,"audioPlay":false,"sceneViewState":{"showFog":true,"showMaterialUpdate":false,"showSkybox":false,"showFlares":true,"showImageEffects":true,"showParticleSystems":true},"in2DMode":false,"pivot":{"x":-4.244999885559082,"y":0.4529999792575836,"z":7.339237689971924},"rotation":{"x":-0.004657171666622162,"y":-0.7652724385261536,"z":0.6436769962310791,"w":-0.005497816950082779},"size":9.170498847961426,"orthographic":false}