{"cameraMode":{"drawMode":0,"name":"Shaded","section":"Shading Mode"},"sceneLighting":false,"audioPlay":false,"sceneViewState":{"showFog":true,"showMaterialUpdate":false,"showSkybox":false,"showFlares":true,"showImageEffects":true,"showParticleSystems":true},"in2DMode":false,"pivot":{"x":-21.7078914642334,"y":9.467437744140625,"z":-11.838665008544922},"rotation":{"x":-0.14160451292991639,"y":0.34687739610671999,"z":-0.0530872605741024,"w":-0.9256569147109985},"size":0.04047560691833496,"orthographic":false}