{"cameraMode":{"drawMode":0,"name":"Shaded","section":"Shading Mode"},"sceneLighting":true,"audioPlay":false,"sceneViewState":{"showFog":true,"showMaterialUpdate":false,"showSkybox":false,"showFlares":true,"showImageEffects":true,"showParticleSystems":true},"in2DMode":false,"pivot":{"x":-21.296192169189454,"y":14.142654418945313,"z":-1.6606910228729249},"rotation":{"x":-0.4228101670742035,"y":0.574652910232544,"z":-0.45889055728912356,"w":-0.5295877456665039},"size":62.0113525390625,"orthographic":false}