{"cameraMode":{"drawMode":0,"name":"Shaded","section":"Shading Mode"},"sceneLighting":false,"audioPlay":false,"sceneViewState":{"showFog":true,"showMaterialUpdate":false,"showSkybox":false,"showFlares":true,"showImageEffects":true,"showParticleSystems":true},"in2DMode":false,"pivot":{"x":-12.117055892944336,"y":2.4308547973632814,"z":1.989450454711914},"rotation":{"x":0.07604765892028809,"y":-0.35001111030578616,"z":0.028522487729787828,"w":0.9332243204116821},"size":13.224457740783692,"orthographic":false}