{"cameraMode":{"drawMode":0,"name":"Shaded","section":"Shading Mode"},"sceneLighting":true,"audioPlay":false,"sceneViewState":{"showFog":true,"showMaterialUpdate":false,"showSkybox":false,"showFlares":true,"showImageEffects":true,"showParticleSystems":true},"in2DMode":false,"pivot":{"x":-4.244999885559082,"y":0.4530000686645508,"z":6.239236831665039},"rotation":{"x":-0.06069464236497879,"y":-0.3489934802055359,"z":0.022596074268221856,"w":-0.9349055886268616},"size":40.010372161865237,"orthographic":false}