{"cameraMode":{"drawMode":0,"name":"Shaded","section":"Shading Mode"},"sceneLighting":false,"audioPlay":false,"sceneViewState":{"showFog":true,"showMaterialUpdate":false,"showSkybox":false,"showFlares":true,"showImageEffects":true,"showParticleSystems":true},"in2DMode":false,"pivot":{"x":-0.7471740245819092,"y":3.0756964683532717,"z":16.67431640625},"rotation":{"x":0.018014363944530488,"y":0.9800032377243042,"z":-0.16803213953971864,"w":0.10506497323513031},"size":9.55813217163086,"orthographic":false}