{"cameraMode":{"drawMode":0,"name":"Shaded","section":"Shading Mode"},"sceneLighting":false,"audioPlay":false,"sceneViewState":{"showFog":true,"showMaterialUpdate":false,"showSkybox":false,"showFlares":true,"showImageEffects":true,"showParticleSystems":true},"in2DMode":false,"pivot":{"x":1.1244215965270997,"y":3.5447511672973635,"z":1.340536117553711},"rotation":{"x":0.0680994838476181,"y":-0.3330914378166199,"z":0.02412622980773449,"w":0.9401264190673828},"size":7.763494491577148,"orthographic":false}