{"cameraMode":{"drawMode":0,"name":"Shaded","section":"Shading Mode"},"sceneLighting":false,"audioPlay":false,"sceneViewState":{"showFog":true,"showMaterialUpdate":false,"showSkybox":false,"showFlares":true,"showImageEffects":true,"showParticleSystems":true},"in2DMode":false,"pivot":{"x":-11.63971996307373,"y":15.868110656738282,"z":-32.869659423828128},"rotation":{"x":0.6615409255027771,"y":0.06584539264440537,"z":-0.05848287045955658,"w":0.7447314262390137},"size":13.372963905334473,"orthographic":false}