{"cameraMode":{"drawMode":0,"name":"Shaded","section":"Shading Mode"},"sceneLighting":false,"audioPlay":false,"sceneViewState":{"showFog":true,"showMaterialUpdate":false,"showSkybox":false,"showFlares":true,"showImageEffects":true,"showParticleSystems":true},"in2DMode":false,"pivot":{"x":-11.530946731567383,"y":21.581199645996095,"z":-2.012550115585327},"rotation":{"x":-0.42830827832221987,"y":0.5712473392486572,"z":-0.5090247392654419,"w":-0.4807920753955841},"size":70.19214630126953,"orthographic":false}