{"cameraMode":{"drawMode":0,"name":"Shaded","section":"Shading Mode"},"sceneLighting":false,"audioPlay":false,"sceneViewState":{"showFog":true,"showMaterialUpdate":false,"showSkybox":false,"showFlares":true,"showImageEffects":true,"showParticleSystems":true},"in2DMode":false,"pivot":{"x":-28.061630249023439,"y":31.075756072998048,"z":-0.48120880126953127},"rotation":{"x":0.3450804352760315,"y":-0.5961979031562805,"z":0.31520792841911318,"w":0.6527904272079468},"size":48.59896469116211,"orthographic":false}