{"cameraMode":{"drawMode":0,"name":"Shaded","section":"Shading Mode"},"sceneLighting":false,"audioPlay":false,"sceneViewState":{"showFog":true,"showMaterialUpdate":false,"showSkybox":false,"showFlares":true,"showImageEffects":true,"showParticleSystems":true},"in2DMode":false,"pivot":{"x":-2.6193623542785646,"y":1.9037425518035889,"z":2.836150884628296},"rotation":{"x":-0.038744859397411349,"y":-0.8485296964645386,"z":0.06274440884590149,"w":-0.5239907503128052},"size":4.961349010467529,"orthographic":false}