{"cameraMode":{"drawMode":0,"name":"Shaded","section":"Shading Mode"},"sceneLighting":false,"audioPlay":false,"sceneViewState":{"showFog":true,"showMaterialUpdate":false,"showSkybox":false,"showFlares":true,"showImageEffects":true,"showParticleSystems":true},"in2DMode":false,"pivot":{"x":-4.244999885559082,"y":0.4530000686645508,"z":6.239236831665039},"rotation":{"x":-0.0037276879884302618,"y":0.8191846013069153,"z":-0.5735298991203308,"w":-0.005405875854194164},"size":40.010372161865237,"orthographic":false}