{"cameraMode":{"drawMode":0,"name":"Shaded","section":"Shading Mode"},"sceneLighting":true,"audioPlay":false,"sceneViewState":{"showFog":true,"showMaterialUpdate":false,"showSkybox":false,"showFlares":true,"showImageEffects":true,"showParticleSystems":true},"in2DMode":false,"pivot":{"x":-22.112892150878908,"y":13.335914611816407,"z":17.8094482421875},"rotation":{"x":-0.4228101670742035,"y":0.574652910232544,"z":-0.45889055728912356,"w":-0.5295877456665039},"size":47.964778900146487,"orthographic":false}