{"cameraMode":{"drawMode":0,"name":"Shaded","section":"Shading Mode"},"sceneLighting":true,"audioPlay":false,"sceneViewState":{"showFog":true,"showMaterialUpdate":false,"showSkybox":false,"showFlares":true,"showImageEffects":true,"showParticleSystems":true},"in2DMode":false,"pivot":{"x":0.05328559875488281,"y":-4.5742597579956059,"z":3.1485462188720705},"rotation":{"x":-0.24866615235805512,"y":-0.6970440745353699,"z":0.2842986583709717,"w":-0.6095134615898132},"size":22.0,"orthographic":false}