{"cameraMode":{"drawMode":0,"name":"Shaded","section":"Shading Mode"},"sceneLighting":false,"audioPlay":false,"sceneViewState":{"showFog":true,"showMaterialUpdate":false,"showSkybox":false,"showFlares":true,"showImageEffects":true,"showParticleSystems":true},"in2DMode":false,"pivot":{"x":0.010324597358703614,"y":2.0114595890045168,"z":3.5898962020874025},"rotation":{"x":-0.07252456247806549,"y":-0.9271284937858582,"z":0.2464478611946106,"w":-0.27284303307533266},"size":3.9233639240264894,"orthographic":false}