{"cameraMode":{"drawMode":0,"name":"Shaded","section":"Shading Mode"},"sceneLighting":false,"audioPlay":false,"sceneViewState":{"showFog":true,"showMaterialUpdate":false,"showSkybox":false,"showFlares":true,"showImageEffects":true,"showParticleSystems":true},"in2DMode":false,"pivot":{"x":97.36966705322266,"y":-172.0964813232422,"z":-21.42473793029785},"rotation":{"x":0.3281526565551758,"y":0.6713972091674805,"z":-0.4537133276462555,"w":0.48551079630851748},"size":328.1669006347656,"orthographic":false}