{"cameraMode":{"drawMode":0,"name":"Shaded","section":"Shading Mode"},"sceneLighting":false,"audioPlay":false,"sceneViewState":{"showFog":true,"showMaterialUpdate":false,"showSkybox":false,"showFlares":true,"showImageEffects":true,"showParticleSystems":true},"in2DMode":false,"pivot":{"x":-3.7337207794189455,"y":-2.642294406890869,"z":4.457501411437988},"rotation":{"x":-0.17995479702949525,"y":0.6997454166412354,"z":-0.18938031792640687,"w":-0.6649195551872253},"size":10.196887969970704,"orthographic":false}