{"cameraMode":{"drawMode":0,"name":"Shaded","section":"Shading Mode"},"sceneLighting":false,"audioPlay":false,"sceneViewState":{"showFog":true,"showMaterialUpdate":false,"showSkybox":false,"showFlares":true,"showImageEffects":true,"showParticleSystems":true},"in2DMode":false,"pivot":{"x":6.130000114440918,"y":6.100000381469727,"z":-0.9910001754760742},"rotation":{"x":-0.515794038772583,"y":-0.48395222425460818,"z":0.48773419857025149,"w":-0.5117594599723816},"size":40.010372161865237,"orthographic":false}