{"cameraMode":{"drawMode":0,"name":"Shaded","section":"Shading Mode"},"sceneLighting":false,"audioPlay":false,"sceneViewState":{"showFog":true,"showMaterialUpdate":false,"showSkybox":false,"showFlares":true,"showImageEffects":true,"showParticleSystems":true},"in2DMode":false,"pivot":{"x":0.4499998092651367,"y":-0.3000001907348633,"z":1.194000244140625},"rotation":{"x":-0.15218862891197205,"y":0.5204179286956787,"z":-0.09486663341522217,"w":-0.8348730206489563},"size":40.010372161865237,"orthographic":false}