{"cameraMode":{"drawMode":0,"name":"Shaded","section":"Shading Mode"},"sceneLighting":false,"audioPlay":false,"sceneViewState":{"showFog":true,"showMaterialUpdate":false,"showSkybox":false,"showFlares":true,"showImageEffects":true,"showParticleSystems":true},"in2DMode":false,"pivot":{"x":2.000000476837158,"y":19.16699981689453,"z":1.9999126195907593},"rotation":{"x":0.030438043177127839,"y":0.9622464179992676,"z":-0.24192160367965699,"w":0.12102120369672775},"size":18.740806579589845,"orthographic":false}