{"cameraMode":{"drawMode":0,"name":"Shaded","section":"Shading Mode"},"sceneLighting":false,"audioPlay":false,"sceneViewState":{"showFog":true,"showMaterialUpdate":false,"showSkybox":false,"showFlares":true,"showImageEffects":true,"showParticleSystems":true},"in2DMode":false,"pivot":{"x":-4.244999885559082,"y":0.4755000174045563,"z":6.489237308502197},"rotation":{"x":0.0029324686620384456,"y":-0.7879554033279419,"z":0.6157254576683044,"w":0.0037939613685011865},"size":0.7597618699073792,"orthographic":false}