{"cameraMode":{"drawMode":0,"name":"Shaded","section":"Shading Mode"},"sceneLighting":false,"audioPlay":false,"sceneViewState":{"showFog":true,"showMaterialUpdate":false,"showSkybox":false,"showFlares":true,"showImageEffects":true,"showParticleSystems":true},"in2DMode":false,"pivot":{"x":6.03000020980835,"y":6.099999904632568,"z":-0.9409999847412109},"rotation":{"x":0.0038918748032301666,"y":0.9958897233009338,"z":-0.07363999634981156,"w":0.052632685750722888},"size":0.1650000363588333,"orthographic":false}