{"cameraMode":{"drawMode":0,"name":"Shaded","section":"Shading Mode"},"sceneLighting":false,"audioPlay":false,"sceneViewState":{"showFog":true,"showMaterialUpdate":false,"showSkybox":false,"showFlares":true,"showImageEffects":true,"showParticleSystems":true},"in2DMode":false,"pivot":{"x":8.117785453796387,"y":-15.351905822753907,"z":-5.701831817626953},"rotation":{"x":0.008259362541139126,"y":-0.7231982350349426,"z":0.6905512809753418,"w":0.008673769421875477},"size":85.66986083984375,"orthographic":false}