{"cameraMode":{"drawMode":0,"name":"Shaded","section":"Shading Mode"},"sceneLighting":true,"audioPlay":false,"sceneViewState":{"showFog":true,"showMaterialUpdate":false,"showSkybox":false,"showFlares":true,"showImageEffects":true,"showParticleSystems":true},"in2DMode":false,"pivot":{"x":0.0,"y":-1.829813003540039,"z":-0.2284712791442871},"rotation":{"x":-0.04005175456404686,"y":0.7881186604499817,"z":-0.6120567917823792,"w":-0.051626283675432208},"size":35.91730499267578,"orthographic":false}