{"cameraMode":{"drawMode":0,"name":"Shaded","section":"Shading Mode"},"sceneLighting":true,"audioPlay":false,"sceneViewState":{"showFog":true,"showMaterialUpdate":false,"showSkybox":false,"showFlares":true,"showImageEffects":true,"showParticleSystems":true},"in2DMode":false,"pivot":{"x":-23.02821922302246,"y":38.03147888183594,"z":38.75548553466797},"rotation":{"x":-0.4889551103115082,"y":0.37014320492744448,"z":-0.24059732258319856,"w":-0.75237637758255},"size":91.19271850585938,"orthographic":false}