{"cameraMode":{"drawMode":0,"name":"Shaded","section":"Shading Mode"},"sceneLighting":false,"audioPlay":false,"sceneViewState":{"showFog":true,"showMaterialUpdate":false,"showSkybox":false,"showFlares":true,"showImageEffects":true,"showParticleSystems":true},"in2DMode":false,"pivot":{"x":9.107809066772461,"y":13.488967895507813,"z":17.790359497070314},"rotation":{"x":0.2294481098651886,"y":-0.7655843496322632,"z":0.47183170914649966,"w":0.37235215306282046},"size":46.61042022705078,"orthographic":false}