{"cameraMode":{"drawMode":0,"name":"Shaded","section":"Shading Mode"},"sceneLighting":false,"audioPlay":false,"sceneViewState":{"showFog":true,"showMaterialUpdate":false,"showSkybox":false,"showFlares":true,"showImageEffects":true,"showParticleSystems":true},"in2DMode":false,"pivot":{"x":30.771587371826173,"y":-0.7687759399414063,"z":4.948764324188232},"rotation":{"x":0.36251747608184817,"y":0.6358644366264343,"z":-0.45231738686561587,"w":0.5095918774604797},"size":74.29631805419922,"orthographic":false}