{"cameraMode":{"drawMode":0,"name":"Shaded","section":"Shading Mode"},"sceneLighting":false,"audioPlay":false,"sceneViewState":{"showFog":true,"showMaterialUpdate":false,"showSkybox":false,"showFlares":true,"showImageEffects":true,"showParticleSystems":true},"in2DMode":false,"pivot":{"x":-0.7227883338928223,"y":2.485710382461548,"z":10.602296829223633},"rotation":{"x":-0.15218862891197205,"y":0.5204179286956787,"z":-0.09486663341522217,"w":-0.8348730206489563},"size":8.657191276550293,"orthographic":false}