{"cameraMode":{"drawMode":0,"name":"Shaded","section":"Shading Mode"},"sceneLighting":true,"audioPlay":false,"sceneViewState":{"showFog":true,"showMaterialUpdate":false,"showSkybox":false,"showFlares":true,"showImageEffects":true,"showParticleSystems":true},"in2DMode":false,"pivot":{"x":31.98321533203125,"y":26.362903594970704,"z":-6.371074199676514},"rotation":{"x":-0.24866615235805512,"y":-0.6970440745353699,"z":0.2842986583709717,"w":-0.6095134615898132},"size":80.6020736694336,"orthographic":false}