{"cameraMode":{"drawMode":0,"name":"Shaded","section":"Shading Mode"},"sceneLighting":true,"audioPlay":false,"sceneViewState":{"showFog":true,"showMaterialUpdate":false,"showSkybox":false,"showFlares":true,"showImageEffects":true,"showParticleSystems":true},"in2DMode":false,"pivot":{"x":-4.244999885559082,"y":0.4530000686645508,"z":6.239236831665039},"rotation":{"x":-0.04005175456404686,"y":0.7881186604499817,"z":-0.6120567917823792,"w":-0.051626283675432208},"size":40.010372161865237,"orthographic":false}