{"cameraMode":{"drawMode":0,"name":"Shaded","section":"Shading Mode"},"sceneLighting":true,"audioPlay":false,"sceneViewState":{"showFog":true,"showMaterialUpdate":false,"showSkybox":false,"showFlares":true,"showImageEffects":true,"showParticleSystems":true},"in2DMode":false,"pivot":{"x":-12.01097297668457,"y":51.70445251464844,"z":5.7771992683410648},"rotation":{"x":-0.4219667911529541,"y":0.5571555495262146,"z":-0.3938555121421814,"w":-0.5970042943954468},"size":44.05202865600586,"orthographic":false}