{"cameraMode":{"drawMode":0,"name":"Shaded","section":"Shading Mode"},"sceneLighting":false,"audioPlay":false,"sceneViewState":{"showFog":true,"showMaterialUpdate":false,"showSkybox":false,"showFlares":true,"showImageEffects":true,"showParticleSystems":true},"in2DMode":false,"pivot":{"x":-0.2711479663848877,"y":-0.2603635787963867,"z":0.05499768257141113},"rotation":{"x":0.07604765892028809,"y":-0.35001111030578616,"z":0.028522487729787828,"w":0.9332243204116821},"size":11.431534767150879,"orthographic":false}