{"cameraMode":{"drawMode":0,"name":"Shaded","section":"Shading Mode"},"sceneLighting":false,"audioPlay":false,"sceneViewState":{"showFog":true,"showMaterialUpdate":false,"showSkybox":false,"showFlares":true,"showImageEffects":true,"showParticleSystems":true},"in2DMode":false,"pivot":{"x":-5.915687561035156,"y":1.6885719299316407,"z":-1.4087677001953126},"rotation":{"x":0.5228868722915649,"y":0.21676461398601533,"z":-0.1394549310207367,"w":0.8125210404396057},"size":22.0,"orthographic":false}