{"cameraMode":{"drawMode":0,"name":"Shaded","section":"Shading Mode"},"sceneLighting":true,"audioPlay":false,"sceneViewState":{"showFog":true,"showMaterialUpdate":false,"showSkybox":false,"showFlares":true,"showImageEffects":true,"showParticleSystems":true},"in2DMode":false,"pivot":{"x":18.390743255615236,"y":17.245742797851564,"z":5.818784713745117},"rotation":{"x":-0.6215373277664185,"y":-0.21238258481025697,"z":0.180221825838089,"w":-0.7322191596031189},"size":76.5128173828125,"orthographic":false}