{"cameraMode":{"drawMode":0,"name":"Shaded","section":"Shading Mode"},"sceneLighting":true,"audioPlay":false,"sceneViewState":{"showFog":true,"showMaterialUpdate":false,"showSkybox":false,"showFlares":true,"showImageEffects":true,"showParticleSystems":true},"in2DMode":false,"pivot":{"x":-15.176557540893555,"y":20.163040161132814,"z":-37.27683639526367},"rotation":{"x":0.0029324686620384456,"y":-0.7879554033279419,"z":0.6157254576683044,"w":0.0037939613685011865},"size":104.48363494873047,"orthographic":false}