{"cameraMode":{"drawMode":0,"name":"Shaded","section":"Shading Mode"},"sceneLighting":false,"audioPlay":false,"sceneViewState":{"showFog":true,"showMaterialUpdate":false,"showSkybox":false,"showFlares":true,"showImageEffects":true,"showParticleSystems":true},"in2DMode":false,"pivot":{"x":9.139805793762207,"y":6.477348327636719,"z":-7.363903999328613},"rotation":{"x":0.7557733654975891,"y":-0.00036992572131566703,"z":0.0005203504115343094,"w":0.6548673510551453},"size":68.28755950927735,"orthographic":false}