{"cameraMode":{"drawMode":0,"name":"Shaded","section":"Shading Mode"},"sceneLighting":false,"audioPlay":false,"sceneViewState":{"showFog":true,"showMaterialUpdate":false,"showSkybox":false,"showFlares":true,"showImageEffects":true,"showParticleSystems":true},"in2DMode":false,"pivot":{"x":0.45000001788139346,"y":-0.39200007915496828,"z":1.0000001192092896},"rotation":{"x":0.19406896829605103,"y":-0.00441922340542078,"z":0.0008734171278774738,"w":0.9809806942939758},"size":6.803126335144043,"orthographic":false}