{"cameraMode":{"drawMode":0,"name":"Shaded","section":"Shading Mode"},"sceneLighting":false,"audioPlay":false,"sceneViewState":{"showFog":true,"showMaterialUpdate":false,"showSkybox":false,"showFlares":true,"showImageEffects":true,"showParticleSystems":true},"in2DMode":false,"pivot":{"x":2.5961670875549318,"y":74.17793273925781,"z":12.843400001525879},"rotation":{"x":-0.656608521938324,"y":-0.03640088438987732,"z":0.031687844544649127,"w":-0.7527124285697937},"size":39.598670959472659,"orthographic":false}